TimeStamp,Delta_TP9,Delta_AF7,Delta_AF8,Delta_TP10,Theta_TP9,Theta_AF7,Theta_AF8,Theta_TP10,Alpha_TP9,Alpha_AF7,Alpha_AF8,Alpha_TP10,Beta_TP9,Beta_AF7,Beta_AF8,Beta_TP10,Gamma_TP9,Gamma_AF7,Gamma_AF8,Gamma_TP10,RAW_TP9,RAW_AF7,RAW_AF8,RAW_TP10,AUX_RIGHT,Accelerometer_X,Accelerometer_Y,Accelerometer_Z,Gyro_X,Gyro_Y,Gyro_Z,HeadBandOn,HSI_TP9,HSI_AF7,HSI_AF8,HSI_TP10,Battery,Elements,Name
2023-11-24 14:43:40.564,,,,,,,,,,,,,,,,,,,,,,,,,,,,,,,,,,,,,,/muse/event/connected Muse-D0F8,OTT감상
2023-11-24 14:43:41.565,0,0.5191192297948042,0.4926791813395814,0,0,0.1131170652275317,0.2699278824466118,0,0,0.1147479314324433,0.9321073549229997,0,0,0.004209752308315716,0.9171584813671279,0,0,-0.08316960961920941,0.9613996494905668,0,0,783.6996336996338,769.1941391941392,0,365.4578754578754,0.052612,0.196411,0.977173,2.130890,-4.785156,-1.764526,1,2,1,1,2,100.000000,
2023-11-24 14:43:42.565,0,0.556938283838436,0.4450297343999755,0,0,0.1345206121633491,0.3864331207052106,0,0,0.1009827677910004,0.9321073549229997,0,0,0.008110442432157999,0.9277537201046794,0,0,-0.09782425951568556,0.8538411058922951,0,774.8351648351648,807.4725274725275,816.3369963369963,666.8498168498169,514.5421245421246,0.055420,0.188232,0.981628,2.115936,-4.687958,-1.704712,1,4,1,1,4,100.000000,
2023-11-24 14:43:43.565,0,0.5574127058387114,0.5858607398220482,0,0,0.3643565076096934,0.5473091252392032,0,0,0.2613876658169232,0.9217610817122347,0,0,0.05401288726301044,0.9033048135078363,0,0,-0.007036789475130115,0.8106177493971507,0,424.2857142857143,810.6959706959707,821.1721611721612,321.1355311355312,358.2051282051282,0.063904,0.191345,0.982910,2.975769,-4.216919,-2.265472,1,4,1,1,2,100.000000,,
2023-11-24 14:43:44.565,0,0.3964394715336753,0.426655424337356,0,0,0.1938937152756388,0.2638282764495734,0,0,0.1045936151328836,0.3441426771809596,0,0,0.07838626705301466,0.9311288070652239,0,0,0.03785616665600933,0.7670992637546359,0,603.1868131868132,824.3956043956044,784.9084249084249,599.5604395604396,339.6703296703297,0.061340,0.187378,0.977661,3.484192,-4.082336,-1.540222,1,4,1,1,2,100.000000,,
2023-11-24 14:43:45.574,0,0.3611631055657658,0.4862502503585746,0,0,0.1936714061628594,0.3926881775599335,0,0,0.2286036683301708,0.5844647213211071,0,0,0.07685024477375245,0.912301289130952,0,0,-0.04093294337129782,0.729906798774317,0,167.6190476190476,795.7875457875458,808.2783882783883,20.14652014652015,325.5677655677656,0.064392,0.194214,0.980103,2.549591,-4.201965,-1.809387,1,4,1,1,4,100.000000,
2023-11-24 14:43:46.565,0,0.8925161567182908,0.5633942408358777,0,0,0.5766389832082564,0.5185026503314095,0,0,0.3793646883856546,0.508783023623288,0,0,-0.1209257351229885,0.908617558932143,0,0,-0.1701807871693127,0.6440602552056001,0,599.5604395604396,804.2490842490843,813.919413919414,504.8717948717949,372.7106227106227,0.067017,0.191772,0.983337,2.579498,-4.112244,-1.547699,1,4,1,1,4,100.000000,
2023-11-24 14:43:47.565,0,0.6272066718130064,0.1776377706770438,0,0,0.3641568829054773,0.1344892162016401,0,0,0.3457250902338494,0.3570215700483656,0,0,-0.101172144893109,0.7060218753404545,0,0,-0.1322676876749015,0.7215554453881706,0,728.4981684981685,806.6666666666667,796.996336996337,626.959706959707,424.2857142857143,0.066406,0.190613,0.983643,2.377625,-4.089813,-2.033691,1,4,1,1,2,100.000000,
2023-11-24 14:43:48.566,0,0.4310389770646335,0.5232731535329579,0,0,0.1431371654546049,0.5031244855468361,0,0,0.2466782531061082,0.8191893605435348,0,0,0.001378606490099745,0.7069868749211581,0,0,-0.1740436482692439,0.7768467270321615,0,406.5567765567766,802.2344322344322,806.2637362637363,312.6739926739927,316.7032967032967,0.065552,0.191833,0.978271,1.338348,-4.358978,-2.078552,1,4,1,1,4,100.000000,
2023-11-24 14:43:49.568,0,0.6075513578003976,0.833435206381371,0,0,0.2729690475402953,0.7654480400093335,0,0,0.2828119246140958,0.818844419814431,0,0,0.1034452845528682,0.6821879510260195,0,0,-0.0818866436094966,0.7397443044054397,0,608.4249084249085,819.5604395604396,781.2820512820513,598.7545787545788,579.4139194139194,0.038513,0.144348,0.987183,-3.529053,-2.878571,-4.493561,1,2,1,1,4,100.000000,
2023-11-24 14:43:50.538,,,,,,,,,,,,,,,,,,,,,,,,,,,,,,,,,,,,,,/muse/elements/jaw_clench,
2023-11-24 14:43:50.565,0,0.1063807534702632,0.3534447406974286,0,0,0.08695866679913279,0.3979872931953576,0,0,0.4014061861198374,0.281106280205354,0,0,0.1228115186194436,0.8050059101707348,0,0,-0.0774744344265052,0.6787168015033797,0,1080.25641025641,817.948717948718,801.025641025641,916.6666666666667,552.4175824175825,0.073120,0.173828,0.982239,2.056122,-4.119720,-2.153320,1,4,1,1,4,100.000000,
2023-11-24 14:43:50.858,,,,,,,,,,,,,,,,,,,,,,,,,,,,,,,,,,,,,,/muse/elements/jaw_clench,
2023-11-24 14:43:51.565,0,0.9819923308498075,0.8780581347223562,0,0,1.028223197567797,0.7779861273973057,0,0,0.8958531602244095,0.6620451270981589,0,0,0.2637472267537671,0.6743804283791368,0,0,-0.05648665585816257,0.7276206008397964,0,599.1575091575091,802.6373626373627,791.3553113553114,599.9633699633699,436.7765567765568,0.056213,0.179932,0.979919,3.028107,-3.229980,-2.041168,1,4,1,1,2,100.000000,
2023-11-24 14:43:52.564,0,1.121919910652587,1.188617513433928,0,0,1.086600269099935,1.144129151683622,0,0,0.8962179780728275,0.6512173792792626,0,0,0.2928288001939549,0.5988080362122398,0,0,-0.0903698006487875,0.6256201762641499,0,163.5897435897436,858.2417582417582,848.5714285714286,160.3663003663004,1106.446886446887,0.044861,0.179382,0.979004,3.372040,-3.872986,-2.071075,1,4,1,1,2,100.000000,
2023-11-24 14:43:53.565,0,0.647482687145755,1.188617513433928,0,0,0.3983188889125477,1.144129151683622,0,0,0.1303515249268839,0.6512173792792626,0,0,0.06206729495464714,0.5988080362122398,0,0,-0.2162837316911119,0.6256201762641499,0,1552.087912087912,812.7106227106227,791.3553113553114,1448.534798534798,790.1465201465202,0.058533,0.195923,0.981750,2.915955,-3.581390,-3.663635,1,4,1,1,2,100.000000,
2023-11-24 14:43:54.566,0,-0.392880797937497,-0.228841907252797,0,0,-0.06055501112905939,-0.2055759247812387,0,0,-0.06965979378660557,0.4921992736228262,0,0,0.05287008243137879,0.8631569850682768,0,0,-0.08843023701894143,0.5368357584417317,0,679.3406593406594,812.3076923076924,838.0952380952381,612.8571428571429,407.7655677655678,0.059143,0.197327,0.981750,2.153320,-4.291687,-1.727142,1,4,1,1,2,100.000000,
2023-11-24 14:43:55.572,0,0.7833152219284526,0.4283360729978717,0,0,0.6540622436591758,0.4976705700920958,0,0,0.7211130509431254,0.7093625108670408,0,0,0.04356621108876906,0.8132637340186369,0,0,-0.1368605548394051,0.5217415608486632,0,1296.227106227106,815.1282051282052,803.040293040293,1116.520146520146,766.3736263736264,0.062866,0.194580,0.978149,2.362671,-4.366455,-1.592560,1,4,1,1,2,100.000000,
2023-11-24 14:43:56.572,0,0.806906754371406,0.2751297736925554,0,0,0.5781191784437817,0.3607223343091931,0,0,0.7272735945701589,0.4033513013480489,0,0,0.05462501959409481,0.7057082594261539,0,0,-0.2802276380719586,0.7390479435396731,0,601.5750915750916,808.6813186813187,798.6080586080586,599.5604395604396,347.7289377289378,0.063293,0.197571,0.978821,2.429962,-4.800110,-1.779480,1,4,1,1,2,100.000000,
2023-11-24 14:43:57.565,0,0.03443372367899868,0.1917954568481159,0,0,-0.3302249863705332,0.09007116631417436,0,0,-0.1983051113678374,0.3996897367847737,0,0,0.03258817792168438,0.6435653272342371,0,0,-0.224327853735151,0.6704803665652872,0,168.021978021978,812.7106227106227,806.6666666666667,161.1721611721612,1137.472527472527,0.060791,0.190918,0.980225,2.444916,-4.209442,-1.958923,1,2,1,1,2,100.000000,
2023-11-24 14:43:57.673,,,,,,,,,,,,,,,,,,,,,,,,,,,,,,,,,,,,,,/muse/elements/jaw_clench,
2023-11-24 14:43:57.929,,,,,,,,,,,,,,,,,,,,,,,,,,,,,,,,,,,,,,/muse/elements/jaw_clench,
2023-11-24 14:43:58.250,,,,,,,,,,,,,,,,,,,,,,,,,,,,,,,,,,,,,,/muse/elements/jaw_clench,
2023-11-24 14:43:58.565,0,0.118974282037309,0.6649662499110637,0,0,-0.02085790868354616,0.4288434957902099,0,0,0.2737301050563486,0.4180689174205492,0,0,-0.1441033069195753,0.506126691512426,0,0,-0.2071097612391546,0.3655649260927117,0,8.058608058608058,794.981684981685,805.8608058608058,1596.410256410256,892.0879120879121,0.061096,0.197937,0.979675,2.766418,-4.254303,-1.555176,1,2,1,1,2,100.000000,
2023-11-24 14:43:59.565,0,0.4296890109483049,0.7961899206300164,0,0,0.2944477742689564,0.5630568883544603,0,0,0.3170291637844346,0.4503629458287149,0,0,0.02838524499350923,0.5924522162545237,0,0,-0.1939126007657842,0.3581509488617179,0,161.978021978022,800.2197802197802,813.1135531135532,159.1575091575092,1027.875457875458,0.065308,0.193176,0.981079,2.699127,-4.044952,-1.622467,1,2,1,1,4,100.000000,
2023-11-24 14:44:00.565,0,0.1150231921468438,0.09299408510922084,0,0,-0.01102070286213924,-0.02610527798305467,0,0,0.101561950983797,0.3406285510320374,0,0,0.005800121166041064,0.8391670780854973,0,0,-0.2126935329318611,0.5887522131242585,0,1542.014652014652,807.0695970695971,816.3369963369963,1378.021978021978,759.1208791208792,0.056824,0.193115,0.982788,2.130890,-4.082336,-2.444916,1,2,1,1,2,100.000000,
2023-11-24 14:44:01.564,0,0.7553939869268765,0.2898388606613672,0,0,0.3195569004711261,-0.09484015910465753,0,0,0.2994336837918692,0.1895178834320101,0,0,0.006642483870840286,0.9897863514251466,0,0,-0.2229452259048849,0.7087839167202741,0,156.7399267399267,811.5018315018315,809.0842490842491,151.0989010989011,1012.161172161172,0.032654,0.167969,0.988770,2.130890,2.123413,-0.897217,1,4,1,1,4,100.000000,
2023-11-24 14:44:02.564,0,1.09772338804107,0.348352736081065,0,0,0.5537406301538004,-0.1497601050462552,0,0,0.5694693495115556,0.1895178834320101,0,0,0.04670804732197891,1.015338856206025,0,0,0.106165841842767,0.7295018150942215,0,193.4065934065934,805.4578754578755,801.8315018315019,182.9304029304029,1115.311355311355,0.057129,0.165649,0.987854,2.527161,-4.261780,-2.168274,1,4,1,1,4,100.000000,
2023-11-24 14:44:02.907,,,,,,,,,,,,,,,,,,,,,,,,,,,,,,,,,,,,,,/muse/elements/jaw_clench,
2023-11-24 14:44:03.565,0,0.6773756834871707,0.5430993320349944,0,0,0.1833776589961403,0.4320788145736385,0,0,0.5497259653888534,0.7242949949599472,0,0,0.004423079914714852,0.52860970143454,0,0,-0.01912274614448305,0.4860897128933897,0,135.7875457875458,809.8901098901099,805.4578754578755,87.83882783882784,1049.6336996337,0.056702,0.167419,0.985413,3.043060,-4.598236,-1.697235,1,2,1,1,2,100.000000,
2023-11-24 14:44:04.565,0,-0.3038859151917492,0.1497356542325008,0,0,-0.05702596466958064,0.02308947260905396,0,0,0.004256182939064461,0.3708836421776682,0,0,0.07485189275852064,0.5119788451677235,0,0,-0.1578793865980538,0.3748734698005497,0,179.7069597069597,803.8461538461539,797.8021978021978,164.3956043956044,1174.542124542125,0.058289,0.162170,0.981018,2.527161,-3.850555,-2.115936,1,2,1,1,4,100.000000,
2023-11-24 14:44:04.638,,,,,,,,,,,,,,,,,,,,,,,,,,,,,,,,,,,,,,/muse/elements/jaw_clench,
2023-11-24 14:44:05.150,,,,,,,,,,,,,,,,,,,,,,,,,,,,,,,,,,,,,,/muse/elements/jaw_clench,
2023-11-24 14:44:05.568,0,-0.2387993812222595,0.6351233027657608,0,0,-0.1791310224233634,0.3588983306068634,0,0,0.03517589439659195,0.2977404893742548,0,0,0.0816192184760581,0.4245221721283513,0,0,-0.3159618330905112,0.07582999217838877,0,99.92673992673993,805.0549450549451,796.996336996337,134.981684981685,1301.465201465202,0.056763,0.171936,0.980286,2.743988,-3.872986,-2.145844,1,2,1,1,2,100.000000,
2023-11-24 14:44:06.390,,,,,,,,,,,,,,,,,,,,,,,,,,,,,,,,,,,,,,/muse/elements/jaw_clench,
2023-11-24 14:44:06.565,0,0.4601334300630106,0.9319184620460397,0,0,0.1349660362302436,0.515583605557786,0,0,0.1950869536331464,0.2556120025739993,0,0,-0.1854078418368556,0.5111348284214534,0,0,-0.3901472216150008,0.02139702959779829,0,155.9340659340659,805.0549450549451,817.948717948718,161.1721611721612,1169.304029304029,0.059509,0.170166,0.983032,3.072968,-4.613190,0.022430,1,2,1,1,2,100.000000,
2023-11-24 14:44:06.689,,,,,,,,,,,,,,,,,,,,,,,,,,,,,,,,,,,,,,/muse/elements/jaw_clench,
2023-11-24 14:44:06.881,,,,,,,,,,,,,,,,,,,,,,,,,,,,,,,,,,,,,,/muse/elements/jaw_clench,
2023-11-24 14:44:07.565,0,0.3354822944185818,0.6003597764821487,0,0,0.1112364733199556,-0.05678489473710945,0,0,0.3090580559934731,0.3173766014371478,0,0,-0.1271215264869959,0.5073899225544327,0,0,-0.288301485312994,0.1422100511110773,0,136.1904761904762,802.6373626373627,790.952380952381,164.3956043956044,1255.531135531136,0.066345,0.171875,0.984802,2.841187,-4.074860,-2.130890,1,4,1,1,2,100.000000,
2023-11-24 14:44:08.565,0,0.1268240828358455,0.2749311461605745,0,0,0.05975794130395496,-0.108355732160039,0,0,0.06672721551461072,0.5189546294686082,0,0,-0.06655066660987359,0.3673013180956337,0,0,-0.2663381211303989,0.01637908054000466,0,1269.230769230769,808.2783882783883,794.981684981685,1369.56043956044,1216.849816849817,0.065186,0.168152,0.984192,2.317810,-4.411316,-1.839294,1,2,1,1,2,100.000000,
2023-11-24 14:44:08.612,,,,,,,,,,,,,,,,,,,,,,,,,,,,,,,,,,,,,,/muse/elements/jaw_clench,
2023-11-24 14:44:08.998,,,,,,,,,,,,,,,,,,,,,,,,,,,,,,,,,,,,,,/muse/elements/jaw_clench,
2023-11-24 14:44:09.214,,,,,,,,,,,,,,,,,,,,,,,,,,,,,,,,,,,,,,/muse/elements/jaw_clench,
2023-11-24 14:44:09.569,0,1.107780860980047,0.8602401669674546,0,0,0.794071115866993,0.4566778495540465,0,0,0.6408100898673355,0.7046792736868638,0,0,0.05336348850758933,0.5268626328387387,0,0,-0.3118977999179449,0.2027941278205724,0,168.4249084249084,799.0109890109891,801.4285714285714,187.7655677655678,1255.128205128205,0.064636,0.175110,0.988159,2.631836,-4.486084,-1.786957,1,4,1,1,2,100.000000,
2023-11-24 14:44:10.025,,,,,,,,,,,,,,,,,,,,,,,,,,,,,,,,,,,,,,/muse/elements/jaw_clench,
2023-11-24 14:44:10.345,,,,,,,,,,,,,,,,,,,,,,,,,,,,,,,,,,,,,,/muse/elements/jaw_clench,
2023-11-24 14:44:10.573,0,0.9484865168866092,0.5280090343065219,0,0,0.6942182303313776,0.3833637018697973,0,0,0.6220703367074135,0.5631047752845628,0,0,-0.03749077814004044,0.4234145919820337,0,0,-0.3597625391406521,0.2111910763915481,0,1408.241758241758,801.025641025641,803.4432234432235,1512.600732600733,1239.81684981685,0.062134,0.170837,0.982117,2.557068,-4.515991,-2.011261,1,4,1,1,4,100.000000,
2023-11-24 14:44:11.575,0,0.1127821095807318,0.154036557892808,0,0,-0.02922357019384835,0.03310833390726211,0,0,0.1611453437414431,0.1141972022334172,0,0,-0.1198783985457777,0.1495557540574645,0,0,-0.3680931197654302,0.09780274021879688,0,190.5860805860806,801.8315018315019,801.4285714285714,189.7802197802198,1200.32967032967,0.063843,0.171814,0.983948,2.661743,-4.949646,-1.405640,1,4,1,1,4,100.000000,
2023-11-24 14:44:11.841,,,,,,,,,,,,,,,,,,,,,,,,,,,,,,,,,,,,,,/muse/elements/jaw_clench,
2023-11-24 14:44:12.565,0,0.5613064958678227,0.3290977933540848,0,0,0.3251810553361236,0.2283966044204121,0,0,0.3934720267112385,0.2213662268588751,0,0,-0.05916377906218818,0.1690665865351607,0,0,-0.370257430185322,-0.1349707122790781,0,1542.417582417582,798.6080586080586,801.8315018315019,1631.868131868132,1270.03663003663,0.066589,0.173157,0.985168,2.467346,-3.985138,-2.467346,1,4,1,1,2,100.000000,
2023-11-24 14:44:12.651,,,,,,,,,,,,,,,,,,,,,,,,,,,,,,,,,,,,,,/muse/elements/jaw_clench,
2023-11-24 14:44:13.565,0,0.4784029220033468,-0.03817052697581225,0,0,0.2910281871229135,-0.002096192646127816,0,0,0.3176733958692704,0.5489055705645401,0,0,-0.1049360088762246,0.5126335993211178,0,0,-0.3917573248988921,0.6022681277919919,0,1017.802197802198,799.4139194139194,785.7142857142858,1089.120879120879,1047.216117216117,0.064270,0.173279,0.983948,2.377625,-4.246826,-1.794434,1,2,1,1,4,100.000000,
2023-11-24 14:44:14.469,,,,,,,,,,,,,,,,,,,,,,,,,,,,,,,,,,,,,,/muse/elements/jaw_clench,
2023-11-24 14:44:14.566,0,0.1307601359557232,-0.05287387245432323,0,0,-0.04644392950182595,-0.073011805381219,0,0,0.2365227934159516,0.5038529400693661,0,0,-0.1397842548811864,0.4925319873597686,0,0,-0.2761776369430869,0.4594199231194891,0,808.2783882783883,802.2344322344322,810.6959706959707,900.1465201465202,951.3186813186813,0.062988,0.171631,0.985352,2.250519,-4.216919,-2.190704,1,2,1,1,2,100.000000,
2023-11-24 14:44:14.896,,,,,,,,,,,,,,,,,,,,,,,,,,,,,,,,,,,,,,/muse/elements/jaw_clench,
2023-11-24 14:44:15.089,,,,,,,,,,,,,,,,,,,,,,,,,,,,,,,,,,,,,,/muse/elements/jaw_clench,
2023-11-24 14:44:15.326,,,,,,,,,,,,,,,,,,,,,,,,,,,,,,,,,,,,,,/muse/elements/jaw_clench,
2023-11-24 14:44:15.496,,,,,,,,,,,,,,,,,,,,,,,,,,,,,,,,,,,,,,/muse/elements/jaw_clench,
2023-11-24 14:44:15.575,0,-0.3423589733394699,-0.4994055228739674,0,0,-0.2187443642749962,-0.2530780533067772,0,0,0.1876439745981926,0.307669336603462,0,0,-0.2475460689488733,0.3160487954148038,0,0,-0.2043164829819553,0.07276986594013526,0,1103.223443223443,801.4285714285714,809.0842490842491,1176.959706959707,1160.43956043956,0.065002,0.174805,0.988342,2.392578,-4.403839,-1.794434,1,2,1,1,4,100.000000,
2023-11-24 14:44:15.689,,,,,,,,,,,,,,,,,,,,,,,,,,,,,,,,,,,,,,/muse/elements/jaw_clench,
2023-11-24 14:44:16.564,0,-0.3663283925656881,-0.1975158268902453,0,0,-0.1550964820706959,-0.2648538930847792,0,0,0.06576821853732094,0.1609838833871904,0,0,0.003385017338039132,0.331754869258003,0,0,-0.3286372137228593,0.02350931293435846,0,848.5714285714286,802.6373626373627,811.5018315018315,839.7069597069598,1010.952380952381,0.064880,0.177063,0.979797,2.362671,-4.366455,-1.667328,1,2,1,1,4,100.000000,
2023-11-24 14:44:16.630,,,,,,,,,,,,,,,,,,,,,,,,,,,,,,,,,,,,,,/muse/elements/jaw_clench,
2023-11-24 14:44:17.565,0,-0.2487951781878754,0.03301618174536506,0,0,-0.3707937514406376,-0.3397791061334146,0,0,-0.04653675690489696,0.0342444624039601,0,0,0.1255154614946734,0.4953699454154116,0,0,-0.5164911475223251,0.3504572124984137,0,237.3260073260073,804.2490842490843,802.6373626373627,383.992673992674,716.4102564102565,0.068237,0.176025,0.984680,2.527161,-4.396362,-2.003784,1,2,1,1,2,100.000000,
2023-11-24 14:44:17.656,,,,,,,,,,,,,,,,,,,,,,,,,,,,,,,,,,,,,,/muse/elements/jaw_clench,
2023-11-24 14:44:17.848,,,,,,,,,,,,,,,,,,,,,,,,,,,,,,,,,,,,,,/muse/elements/jaw_clench,
2023-11-24 14:44:18.567,0,-0.2685548112652269,0.2787177826935864,0,0,-0.05918036468089627,-0.02884556732536788,0,0,-0.1558490114326067,0.1800179227371594,0,0,0.02687540413449346,0.4126175200620854,0,0,-0.3088442253320848,0.2335360062791028,0,990.8058608058608,804.6520146520147,797.8021978021978,1001.282051282051,1076.630036630037,0.064514,0.168396,0.984192,2.444916,-4.089813,-2.048645,1,4,1,1,4,100.000000,
2023-11-24 14:44:18.660,,,,,,,,,,,,,,,,,,,,,,,,,,,,,,,,,,,,,,/muse/elements/jaw_clench,
2023-11-24 14:44:19.565,0,-0.4502768045896115,0.3383154278654065,0,0,-0.1622940906676289,0.01777585392463334,0,0,-0.1784819833465011,0.2175236873411084,0,0,0.02011675836531007,0.3527046540811996,0,0,-0.2702820181030025,-0.02000422893497045,0,460.1465201465202,805.4578754578755,803.040293040293,598.7545787545788,744.6153846153846,0.071777,0.171570,0.985779,3.267365,-4.164581,-2.437439,1,4,1,1,2,100.000000,
2023-11-24 14:44:19.877,,,,,,,,,,,,,,,,,,,,,,,,,,,,,,,,,,,,,,/muse/elements/jaw_clench,
2023-11-24 14:44:20.112,,,,,,,,,,,,,,,,,,,,,,,,,,,,,,,,,,,,,,/muse/elements/jaw_clench,
2023-11-24 14:44:20.569,0,0.3402562052805334,0.2306005256431431,0,0,0.6754512527598108,-0.007244622259303239,0,0,0.6149708052473071,0.01281903205804655,0,0,0.2101787703056493,0.2525021297614992,0,0,-0.3724422473730185,0.111306466099686,0,1006.117216117216,797.3992673992674,803.8461538461539,1017.399267399267,1112.087912087912,0.066101,0.173828,0.984009,2.788849,-4.127197,-1.936493,1,2,1,1,2,100.000000,
2023-11-24 14:44:20.987,,,,,,,,,,,,,,,,,,,,,,,,,,,,,,,,,,,,,,/muse/elements/jaw_clench,
2023-11-24 14:44:21.329,,,,,,,,,,,,,,,,,,,,,,,,,,,,,,,,,,,,,,/muse/elements/jaw_clench,
2023-11-24 14:44:21.500,,,,,,,,,,,,,,,,,,,,,,,,,,,,,,,,,,,,,,/muse/elements/jaw_clench,
2023-11-24 14:44:21.565,0,0.4284114706997763,-0.3661877299331062,0,0,0.667424779207699,-0.09262802376380673,0,0,0.6147678621620766,0.2108968447894909,0,0,0.210626910974251,0.6788076096773417,0,0,-0.4245734024512681,0.3184491190120164,0,707.948717948718,813.5164835164835,810.2930402930403,789.3406593406594,906.1904761904763,0.061401,0.171875,0.984985,2.400055,-3.798218,-2.108459,1,2,1,1,4,100.000000,
2023-11-24 14:44:22.544,,,,,,,,,,,,,,,,,,,,,,,,,,,,,,,,,,,,,,/muse/elements/jaw_clench,
2023-11-24 14:44:22.565,0,0.03414201560015364,-0.3652381972610798,0,0,-0.2404964810620991,-0.1502073347648691,0,0,0.1297591758807439,0.3452854277063416,0,0,-0.1054092089006595,0.7430827552979519,0,0,-0.3029754030652785,0.4200248965053168,0,0,798.2051282051282,794.1758241758242,96.30036630036631,589.4871794871796,0.058716,0.175171,0.984192,2.340240,-3.887939,-2.160797,1,2,1,1,2,100.000000,
2023-11-24 14:44:23.419,,,,,,,,,,,,,,,,,,,,,,,,,,,,,,,,,,,,,,/muse/elements/jaw_clench,
2023-11-24 14:44:23.565,0,0.03974492215617973,0.6501398965076218,0,0,0.08182082475228569,0.3815659812028982,0,0,0.3080819377871737,0.6687269065887274,0,0,-0.1309674611872837,0.663877053610244,0,0,-0.2169296538065661,0.5401936748539812,0,0,797.8021978021978,789.7435897435897,0,373.919413919414,0.055603,0.166321,0.984436,2.527161,-3.940277,-1.659851,1,2,1,1,4,100.000000,
2023-11-24 14:44:24.145,,,,,,,,,,,,,,,,,,,,,,,,,,,,,,,,,,,,,,/muse/elements/jaw_clench,
2023-11-24 14:44:24.564,0,0.8109039925761643,0.9871265477344582,0,0,0.5525421169316921,0.681141421631161,0,0,0.5513262039984652,0.7301146858062258,0,0,-0.007949091901061507,0.627781741988781,0,0,-0.2051540590791743,0.3916933222402179,0,305.018315018315,803.4432234432235,800.6227106227107,394.8717948717949,795.3846153846154,0.062134,0.169861,0.982483,2.788849,-4.351501,-1.727142,1,4,1,1,2,100.000000,
2023-11-24 14:44:25.565,0,0.1541361761282415,0.1900101440808059,0,0,-0.1346065071997303,-0.2254857237171569,0,0,0.3043794228536422,0.429980471582386,0,0,0.02523829539840449,0.4480736256665688,0,0,-0.3954741105439453,0.008679898783137519,0,0,804.2490842490843,813.919413919414,0,515.3479853479854,0.059021,0.165283,0.986877,2.527161,-4.231873,-2.048645,1,4,1,1,4,100.000000,
2023-11-24 14:44:26.564,0,0.8215359691263606,0.5541767214487867,0,0,0.6882395043594169,0.2749528316530228,0,0,0.8657593542090007,0.4151946218695671,0,0,-0.1748994182139449,0.3532444459818135,0,0,-0.59048296164694,-0.08913658059168536,0,0,803.4432234432235,799.4139194139194,0,418.6446886446886,0.059998,0.166992,0.985229,2.325287,-4.112244,-2.160797,1,4,1,1,4,100.000000,
2023-11-24 14:44:27.565,0,0.9964799674960424,0.7024476801575026,0,0,0.8241557454447827,0.5185060737722994,0,0,0.8477554339974703,0.4416517669402216,0,0,0.02843315972859542,0.4806936767862665,0,0,-0.4485905214298575,0.03438222895101477,0,78.16849816849818,785.7142857142858,805.0549450549451,217.5824175824176,793.3699633699634,0.059570,0.167419,0.984375,2.422485,-4.388885,-2.355194,1,4,1,1,2,100.000000,
2023-11-24 14:44:28.567,0,0.4763956692095195,0.4110049943498993,0,0,0.22338179975665,0.1458841139200835,0,0,0.3908676019962976,0.1461719510165067,0,0,-0.007914328755853857,0.1172625409935383,0,0,-0.3183817631293741,0.00350781512976688,0,0,793.3699633699634,817.5457875457876,0,402.5274725274725,0.057434,0.163635,0.981140,2.459869,-4.201965,-1.899109,1,2,1,1,4,100.000000,
2023-11-24 14:44:29.341,,,,,,,,,,,,,,,,,,,,,,,,,,,,,,,,,,,,,,/muse/elements/jaw_clench,
2023-11-24 14:44:29.565,0,0.9885206302698516,0.7874732898086539,0,0,0.7889272631900482,0.41225867957164,0,0,0.5507704526564711,0.4165555307595225,0,0,-0.028577631786089,0.3133032576963229,0,0,-0.2486858423435639,-0.04272285903069687,0,0,795.7875457875458,792.967032967033,0,296.1538461538462,0.054443,0.165527,0.981567,2.459869,-4.187012,-1.861725,1,2,1,1,2,100.000000,
2023-11-24 14:44:29.835,,,,,,,,,,,,,,,,,,,,,,,,,,,,,,,,,,,,,,/muse/elements/jaw_clench,
2023-11-24 14:44:30.028,,,,,,,,,,,,,,,,,,,,,,,,,,,,,,,,,,,,,,/muse/elements/jaw_clench,
2023-11-24 14:44:30.564,0,1.012988791496547,0.1641672326319556,0,0,0.8170643221882885,0.04191955847412047,0,0,0.5771798084312637,0.2962016216674203,0,0,0.04464967413006452,0.3947413340654501,0,0,-0.380695467828471,-0.006592463485717921,0,0,803.8461538461539,809.0842490842491,0,598.7545787545788,0.055054,0.165039,0.983032,2.220612,-4.418793,-2.325287,1,4,1,1,4,100.000000,
2023-11-24 14:44:31.564,0,0.9852056762657539,0.9866300395488671,0,0,0.7854860177191511,0.0632098059736859,0,0,0.5766765789773811,0.2730812224527815,0,0,0.0016715807244338,0.4041379820758007,0,0,-0.4554248786700736,-0.1008634840465154,0,0,806.6666666666667,803.4432234432235,0,270.7692307692308,0.055054,0.157654,0.979065,1.495361,-3.641205,-2.863617,1,4,1,1,4,100.000000,
2023-11-24 14:44:32.483,,,,,,,,,,,,,,,,,,,,,,,,,,,,,,,,,,,,,,/muse/elements/jaw_clench,
2023-11-24 14:44:32.565,0,0.8076742722642052,1.026734267427824,0,0,0.5940726790815315,0.4024311611049319,0,0,0.6467746709542115,0.4044285144481856,0,0,-0.1086894754731389,0.3898943643729467,0,0,-0.326483219476269,-0.09755597337269277,0,0,813.5164835164835,808.2783882783883,0,362.6373626373626,0.033936,0.158936,0.989258,3.222504,0.201874,-2.325287,1,4,1,1,2,100.000000,
2023-11-24 14:44:32.654,,,,,,,,,,,,,,,,,,,,,,,,,,,,,,,,,,,,,,/muse/elements/jaw_clench,
2023-11-24 14:44:33.565,0,1.20122150222827,1.32792180022108,0,0,0.9450724719396875,1.262787400421017,0,0,0.6496284403614216,1.12055377734894,0,0,-0.1097311263556204,0.4911308752590377,0,0,-0.1222454242251015,0.09348140344466518,0,0,796.5934065934066,818.3516483516484,0,534.2857142857143,0.037903,0.161987,0.986023,5.465546,-5.854340,-3.237457,1,2,1,1,2,100.000000,
2023-11-24 14:44:34.570,0,-0.01020768636480513,1.32792180022108,0,0,-0.05059802217379515,1.262787400421017,0,0,-0.03917322502233159,1.12055377734894,0,0,-0.05575461346535215,0.4911308752590377,0,0,-0.07758378857496474,0.09348140344466518,0,0,799.4139194139194,794.1758241758242,0,220.8058608058608,0.019836,0.162048,0.982605,2.086029,-4.187012,-2.145844,1,4,1,1,2,100.000000,
2023-11-24 14:44:35.570,0,0.7231323622994451,1.32792180022108,0,0,0.5933708326790457,1.262787400421017,0,0,0.6365783911580901,1.12055377734894,0,0,0.07979492111277622,0.4911308752590377,0,0,-0.05066715811498998,0.09348140344466518,0,277.2161172161172,808.2783882783883,811.9047619047619,153.9194139194139,247.3992673992674,0.027283,0.159058,0.986267,3.529053,-3.858032,-2.220612,1,2,1,1,2,100.000000,
2023-11-24 14:44:36.564,0,0.7540457653553697,0.3238841899534801,0,0,0.5928620094308279,0.4372899009174832,0,0,0.649256112065794,0.4474343508916983,0,0,0.1912218629408205,0.7616827420425158,0,0,-0.2989374804522114,0.6679072710879804,0,0,810.2930402930403,780.0732600732601,0,291.3186813186813,0.025879,0.155884,0.990234,2.317810,-4.321594,-2.295380,1,2,1,1,2,100.000000,
2023-11-24 14:44:37.564,0,0.1302545034141576,0.01976016063197274,0,0,-0.002957295339787283,0.1100996257486165,0,0,0.09961537614093299,0.3971396444806232,0,0,0.08137086008147343,0.8094279618106314,0,0,-0.2981778919391255,0.7272641698998603,0,66.88644688644689,806.2637362637363,807.0695970695971,0,205.4945054945055,0.025879,0.156433,0.989380,2.489777,-4.418793,-1.719666,1,2,1,1,4,100.000000,
2023-11-24 14:44:37.775,,,,,,,,,,,,,,,,,,,,,,,,,,,,,,,,,,,,,,/muse/elements/jaw_clench,
2023-11-24 14:44:38.052,,,,,,,,,,,,,,,,,,,,,,,,,,,,,,,,,,,,,,/muse/elements/jaw_clench,
2023-11-24 14:44:38.564,0,-0.03832752184087189,-0.2054610429075456,0,0,-0.06969716310824914,-0.246912719614982,0,0,0.03718425269065201,0.2034849624195302,0,0,0.05201932976886842,0.6034074938701824,0,0,-0.2427479299212152,0.3948812696501058,0,599.9633699633699,806.6666666666667,803.040293040293,526.6300366300367,261.0989010989011,0.025818,0.157654,0.985718,2.130890,-4.284210,-2.347717,1,2,1,1,2,100.000000,
2023-11-24 14:44:39.356,,,,,,,,,,,,,,,,,,,,,,,,,,,,,,,,,,,,,,/muse/elements/jaw_clench,
2023-11-24 14:44:39.565,0,-0.3276176176105643,-0.5107668892312645,0,0,-0.1151439445720901,-0.4901286460955771,0,0,-0.005355366157262006,0.1065928483695186,0,0,-0.06181547639953644,0.3368567937469281,0,0,-0.2498294668135985,0.1658793294322935,0,760.3296703296703,800.2197802197802,801.4285714285714,677.3260073260074,505.2747252747253,0.027222,0.150330,0.991943,2.265472,-4.411316,-1.637421,1,2,1,1,4,100.000000,
2023-11-24 14:44:39.783,,,,,,,,,,,,,,,,,,,,,,,,,,,,,,,,,,,,,,/muse/elements/jaw_clench,
2023-11-24 14:44:40.381,,,,,,,,,,,,,,,,,,,,,,,,,,,,,,,,,,,,,,/muse/elements/jaw_clench,
2023-11-24 14:44:40.568,0,-0.006628001153665464,0.8619309367575962,0,0,-0.2308988110657017,0.5024198325970891,0,0,0.2134452547421064,0.5994113139282831,0,0,-0.1365193961999427,0.4879981855959489,0,0,-0.2642396267213407,0.394664377832009,0,480.6959706959707,801.025641025641,804.6520146520147,400.1098901098901,237.7289377289377,0.028687,0.153198,0.987793,2.594452,-4.007568,-2.056122,1,2,1,1,4,100.000000,
2023-11-24 14:44:41.566,0,-0.06507365999935327,0.9199465338979049,0,0,-0.1904344322336444,0.4240237014040731,0,0,-0.05172928341268574,0.5994113139282831,0,0,-0.2331200349672522,0.6601521727942501,0,0,-0.1263065083710039,0.6580022274984613,0,0,779.6703296703297,796.5934065934066,0,268.3516483516484,0.024963,0.156433,0.989685,2.250519,-4.471130,-1.674805,1,2,1,1,4,100.000000,
2023-11-24 14:44:42.578,0,0.1627122689949433,0.05019404591925349,0,0,-0.1162581059829777,-0.2084359230130129,0,0,-0.103012491616091,-0.02295490007544862,0,0,-0.2098868077149735,0.6281566102857922,0,0,-0.1650727766118573,0.6451735396992102,0,364.2490842490843,806.6666666666667,804.2490842490843,296.5567765567766,282.4542124542124,0.026733,0.152039,0.987305,2.519684,-4.441223,-2.041168,1,4,1,1,2,100.000000,
2023-11-24 14:44:43.577,0,0.09836791326039546,0.4182023973017347,0,0,-0.06431223861411982,-0.1059665538791257,0,0,0.1410812040109067,0.3176584684308347,0,0,-0.03147530756968463,0.8716527032227049,0,0,-0.2368918708235826,0.6580338023035953,0,606.8131868131868,807.4725274725275,804.6520146520147,601.5750915750916,409.7802197802198,0.025146,0.156433,0.982422,2.841187,-4.344025,-1.809387,1,2,1,1,4,100.000000,
2023-11-24 14:44:44.565,0,0.197246318677574,0.5634987092408579,0,0,-0.1368069577555896,-0.09032491579301799,0,0,0.1376452956418757,0.3464736506063676,0,0,-0.002121681140475956,0.6498831050711292,0,0,-0.3100175529988118,0.4285426095807775,0,282.8571428571429,796.996336996337,801.8315018315019,178.9010989010989,344.1025641025641,0.026978,0.155273,0.992065,1.891632,-4.299164,-2.257996,1,4,1,1,2,100.000000,
2023-11-24 14:44:45.076,,,,,,,,,,,,,,,,,,,,,,,,,,,,,,,,,,,,,,/muse/elements/jaw_clench,
2023-11-24 14:44:45.564,0,0.3641573840255706,0.3221489699175129,0,0,0.09260672140784221,-0.106858915677183,0,0,0.4281385034553696,0.401384744367929,0,0,-0.02637356424858086,0.7518376117055563,0,0,-0.4143623641776108,0.596185204461949,0,600.3663003663004,792.1611721611722,804.6520146520147,599.1575091575091,417.0329670329671,0.025818,0.153015,0.989014,2.714081,-4.344025,-2.280426,1,4,1,1,2,100.000000,
2023-11-24 14:44:46.564,0,0.5023867256294756,0.3670024571397324,0,0,0.1753403047698397,-0.01873889051828171,0,0,0.4326863012242163,0.4463575473589373,0,0,0.03455062347035664,0.7857742348351645,0,0,-0.2523919478470272,0.7364980618615498,0,950.1098901098901,803.4432234432235,811.0989010989011,859.4505494505495,554.0293040293041,0.028381,0.151855,0.987122,1.816864,-3.865509,-1.809387,1,2,1,1,2,100.000000,
2023-11-24 14:44:47.564,0,0.5857411471971148,0.375893728287772,0,0,0.3132745901287796,0.1079039094844613,0,0,0.6730970074291115,0.5219106568007221,0,0,0.1640973970005027,0.9628501707779463,0,0,0.09153344368471768,0.8066130400461181,0,5.641025641025641,806.6666666666667,796.1904761904763,1601.648351648352,1156.813186813187,0.029358,0.153564,0.987549,2.549591,-4.246826,-2.265472,1,2,1,1,2,100.000000,
2023-11-24 14:44:48.564,0,0.7741429164705281,0.3835159068259424,0,0,0.5597776336577095,0.1276217143305926,0,0,0.6716973205889257,0.3546516558684654,0,0,0.2132501813769151,0.8348594526602605,0,0,-0.12304664254133,0.5324197872893375,0,811.0989010989011,804.6520146520147,800.2197802197802,728.4981684981685,637.8388278388279,0.024048,0.152222,0.990295,2.400055,-4.388885,-2.228088,1,2,1,1,2,100.000000,
2023-11-24 14:44:49.564,0,-0.03016658221918963,0.3238979323038131,0,0,-0.03348658411519587,0.0915852324236614,0,0,-0.1000513401931065,0.1476316364382764,0,0,0.04826583117013254,0.7286468913251508,0,0,-0.1927483459268024,0.5897989561852317,0,1546.043956043956,806.2637362637363,811.0989010989011,1399.78021978022,810.2930402930403,0.026001,0.150696,0.986572,2.945862,-4.426270,-1.876678,1,4,1,1,2,100.000000,
2023-11-24 14:44:50.570,0,0.6619965857385244,0.3864891322229334,0,0,0.6555233797290467,-0.0849017390728757,0,0,0.6625405122270612,0.08707073218516327,0,0,0.05935683286842906,0.6826091131407391,0,0,-0.1079067631216546,0.5318786887051495,0,657.985347985348,801.4285714285714,810.6959706959707,613.6630036630037,545.5677655677656,0.032532,0.156006,0.981079,2.257996,-4.658051,-1.958923,1,4,1,1,2,100.000000,
2023-11-24 14:44:50.665,,,,,,,,,,,,,,,,,,,,,,,,,,,,,,,,,,,,,,/muse/elements/jaw_clench,
2023-11-24 14:44:50.963,,,,,,,,,,,,,,,,,,,,,,,,,,,,,,,,,,,,,,/muse/elements/jaw_clench,
2023-11-24 14:44:51.573,0,0.7921991014020374,0.1538081492150741,0,0,0.7241810065147363,0.3327031617387838,0,0,0.6606174329259996,0.1866752035944753,0,0,0.08308087072792524,0.6103576162386121,0,0,-0.05335417797573577,0.3491277374358928,0,1288.168498168498,795.7875457875458,797.8021978021978,1137.069597069597,667.6556776556777,0.029968,0.161865,0.982971,2.871094,-3.671112,-2.370148,1,4,1,1,2,100.000000,
2023-11-24 14:44:51.882,,,,,,,,,,,,,,,,,,,,,,,,,,,,,,,,,,,,,,/muse/elements/jaw_clench,
2023-11-24 14:44:52.564,0,0.395411302836139,0.3911569664447924,0,0,0.3364626466374023,0.5559219748450256,0,0,0.04293010018727433,0.5625737097703635,0,0,-0.1236991900099901,0.781322458155406,0,0,0.04099244960030072,0.5481347748322312,0,115.6410256410256,805.0549450549451,813.919413919414,68.0952380952381,931.5750915750916,0.023438,0.161011,0.987549,2.287903,-4.306641,-2.347717,1,4,1,1,4,100.000000,
2023-11-24 14:44:53.564,0,0.1834468904224296,0.1081516327996213,0,0,-0.009515999516415961,0.06913772374042665,0,0,-0.02697537169625853,0.4983481760252422,0,0,0.02908174731581497,0.8347337509700459,0,0,-0.3940194255657079,0.7408495780887917,0,931.978021978022,804.2490842490843,793.3699633699634,845.7509157509157,595.934065934066,0.023804,0.155701,0.989136,3.058014,-4.358978,-1.614990,1,4,1,1,4,100.000000,
2023-11-24 14:44:54.212,,,,,,,,,,,,,,,,,,,,,,,,,,,,,,,,,,,,,,/muse/elements/jaw_clench,
2023-11-24 14:44:54.566,0,0.0201385557409129,0.1374680321833187,0,0,-0.002479566213719911,-0.007820333374113364,0,0,-0.1112705460262724,0.2051265017788371,0,0,0.02034669428701341,0.6732600631520256,0,0,-0.2665855975362131,0.5020985773980259,0,1606.483516483516,799.0109890109891,803.4432234432235,1509.78021978022,804.2490842490843,0.028992,0.159180,0.989624,2.773895,-4.291687,-1.914062,1,2,1,1,4,100.000000,
2023-11-24 14:44:55.304,,,,,,,,,,,,,,,,,,,,,,,,,,,,,,,,,,,,,,/muse/elements/jaw_clench,
2023-11-24 14:44:55.572,0,-0.09921090305752789,0.2922720308080368,0,0,-0.2035047956653087,-0.2683882323982815,0,0,0.02011046622969299,0.1560586474515591,0,0,0.0509212392355589,0.4048984684048487,0,0,-0.1613464321149043,0.4044279561794759,0,157.1428571428571,801.025641025641,802.6373626373627,152.3076923076923,1071.391941391941,0.023621,0.157837,0.988037,2.953339,-4.583282,-1.652374,1,2,1,1,2,100.000000,
2023-11-24 14:44:56.565,0,-0.1991481480145224,-0.2766032913166053,0,0,-0.250714789095673,-0.2118986137633701,0,0,-0.04240230900530999,0.2051675163831485,0,0,0.1281601150505745,0.5462756567987551,0,0,-0.1068716700276205,0.5435816032158031,0,1297.435897435897,805.8608058608058,789.7435897435897,1156.007326007326,751.4652014652015,0.022156,0.158508,0.988525,2.863617,-4.164581,-1.757050,1,4,1,1,4,100.000000,
2023-11-24 14:44:57.564,0,0.21656458955036,0.07438126732965133,0,0,-0.134922236194555,-0.3641630644210207,0,0,-0.003763075272631285,0.2119036803073761,0,0,0.09553550074424272,0.5922307764872177,0,0,-0.159021295396679,0.7215020994912826,0,113.6263736263736,803.4432234432235,797.8021978021978,67.28937728937728,953.3333333333334,0.029724,0.160217,0.985291,3.072968,-4.104767,-2.317810,1,4,1,1,4,100.000000,
2023-11-24 14:44:58.252,,,,,,,,,,,,,,,,,,,,,,,,,,,,,,,,,,,,,,/muse/elements/jaw_clench,
2023-11-24 14:44:58.563,0,0.4319389779003565,0.2170178384386425,0,0,0.2287869942897528,0.05742440443134679,0,0,-0.03044898418092608,0.1683599649794679,0,0,0.02148000940476495,0.6083846562429003,0,0,-0.06638196686732607,0.5714773584502342,0,162.3809523809524,798.2051282051282,798.2051282051282,161.1721611721612,1123.369963369963,0.024231,0.164856,0.985962,2.676697,-4.284210,-2.287903,1,4,1,1,4,100.000000,
2023-11-24 14:44:59.568,0,-0.3909481429401747,-0.2058618056083384,0,0,-0.02622885197749815,-0.1427745946579342,0,0,0.1049214904732951,0.1087658874576286,0,0,0.09076767471709835,0.5159275656419408,0,0,0.2096702988839508,0.457139670378385,0,1600.43956043956,803.8461538461539,805.0549450549451,1493.260073260073,789.3406593406594,0.023682,0.161011,0.988770,2.579498,-4.254303,-2.534637,1,2,1,1,4,100.000000,
2023-11-24 14:45:00.563,0,-0.3531794739045372,-0.2752941620366989,0,0,-0.2904314218668175,-0.3517072159373857,0,0,-0.09153359069621012,0.09214109760280001,0,0,0.07922921707381061,0.4534322963857313,0,0,0.2844080756036515,0.3538521312809754,0,155.9340659340659,794.981684981685,800.2197802197802,150.2930402930403,1000.879120879121,0.019897,0.166504,0.989868,2.766418,-4.523468,-1.712189,1,4,1,1,4,100.000000,
2023-11-24 14:45:01.564,0,-0.3869517251495163,-0.005225792649583868,0,0,-0.1529088452266275,-0.1307079094861776,0,0,0.1942539886494295,0.1689302881151668,0,0,0.1220770759702994,0.4968499507677275,0,0,0.2598781018351791,0.5454974009713004,0,188.5714285714286,803.4432234432235,802.2344322344322,179.3040293040293,1141.501831501831,0.021362,0.162842,0.984375,2.527161,-4.605713,-1.697235,1,4,1,1,4,100.000000,
2023-11-24 14:45:02.567,0,-0.4044374366684944,0.09991778069746907,0,0,-0.04485504643508264,0.1074392828341261,0,0,0.08176684173120191,0.1493768918572156,0,0,0.1157673607633855,0.6711293117766267,0,0,0.2566253251527206,0.6263380729973242,0,74.13919413919415,809.8901098901099,807.4725274725275,26.19047619047619,1163.260073260073,0.023682,0.169067,0.986877,2.250519,-4.351501,-1.929016,1,2,1,1,4,100.000000,
2023-11-24 14:45:03.571,0,-0.3141179180333071,0.5042688205657013,0,0,-0.3133712824215696,0.332974310638907,0,0,-0.2006854396874714,0.2903203514618643,0,0,0.00139705045499487,0.6418868478533201,0,0,0.1877685268229279,0.421229468302268,0,158.3516483516484,794.981684981685,796.996336996337,161.1721611721612,1056.483516483516,0.021118,0.162781,0.985291,2.781372,-4.418793,-1.689758,1,4,1,1,2,100.000000,
2023-11-24 14:45:04.431,,,,,,,,,,,,,,,,,,,,,,,,,,,,,,,,,,,,,,/muse/elements/jaw_clench,
2023-11-24 14:45:04.564,0,-0.1226054260235561,0.8123644353774048,0,0,-0.2675392558410739,0.4590983921080688,0,0,-0.3342488007258964,0.2462967721590622,0,0,0.1338724867587203,0.5427880496062311,0,0,0.1749775646861702,0.4596985447111716,0,179.3040293040293,805.8608058608058,797.8021978021978,188.1684981684982,1231.355311355311,0.028137,0.166565,0.987122,2.407532,-4.142151,-2.071075,1,4,1,1,2,100.000000,
2023-11-24 14:45:05.565,0,-0.3255000438192425,-0.4952905912955302,0,0,-0.5814575434340011,-0.05190810348400365,0,0,-0.228762035930624,0.1387756162817871,0,0,0.183148568388246,0.5452223666869433,0,0,0.04462987442618573,0.4991781209351359,0,153.5164835164835,808.2783882783883,796.1904761904763,145.4578754578755,1102.417582417582,0.020813,0.159851,0.984924,2.661743,-4.381409,-1.764526,1,2,1,1,4,100.000000,
2023-11-24 14:45:05.884,,,,,,,,,,,,,,,,,,,,,,,,,,,,,,,,,,,,,,/muse/elements/jaw_clench,
2023-11-24 14:45:06.564,0,-0.3328253497999207,-0.5124826163951104,0,0,-0.4254026782924013,-0.1733080237952425,0,0,-0.13288677501309,0.2401010311949849,0,0,0.04520811438954474,0.3699357646306434,0,0,0.2220784798203364,0.5013825621165188,0,188.1684981684982,800.2197802197802,791.7582417582418,177.6923076923077,1133.846153846154,0.024841,0.164673,0.988159,3.110352,-4.194489,-2.108459,1,2,1,1,4,100.000000,
2023-11-24 14:45:07.565,0,-0.5171716495600954,-0.2944451384590137,0,0,-0.2982630150021988,-0.1821545236983,0,0,0.1971015818962135,0.1193190358997357,0,0,0.1463045184829172,0.4393351341874818,0,0,0.1875250661707362,0.4589146707682536,0,89.04761904761905,789.3406593406594,789.7435897435897,127.7289377289377,1238.205128205128,0.020447,0.164001,0.983643,2.280426,-4.239349,-1.846771,1,2,1,1,4,100.000000,
2023-11-24 14:45:08.572,0,0.8425015777881696,-0.05829025156376311,0,0,0.3761529717841494,-0.09887184355238435,0,0,0.4878457631647059,-0.1122812355392998,0,0,0.3939013236310476,0.3445657501692991,0,0,0.2090106634464398,0.5361908445376521,0,159.1575091575092,796.996336996337,801.025641025641,161.1721611721612,1136.666666666667,0.021301,0.164124,0.983948,2.743988,-4.231873,-1.637421,1,2,1,1,2,100.000000,
2023-11-24 14:45:09.563,0,-0.3891856440074287,0.4607319582997751,0,0,-0.2219906142932238,-0.1153704154585852,0,0,-0.2978513945562829,0.2966205222347699,0,0,0.08120477573865806,0.6297593355449489,0,0,0.03908903952382725,0.8004872701510738,0,161.1721611721612,815.1282051282052,807.0695970695971,180.9157509157509,1189.450549450549,0.024292,0.166260,0.987793,2.564545,-3.985138,-2.123413,1,4,1,1,4,100.000000,
2023-11-24 14:45:10.564,0,-0.2303748575142014,0.3831961602071835,0,0,-0.2081010282559095,0.1523350319894434,0,0,0.3478268786515159,0.6041391295978839,0,0,0.3493341164153052,0.6674914281820018,0,0,0.05541695875921161,0.7665285193535344,0,1389.70695970696,794.5787545787546,793.3699633699634,1484.798534798535,1196.300366300366,0.024719,0.162476,0.989990,2.639313,-4.448700,-1.682281,1,4,1,1,4,100.000000,
2023-11-24 14:45:11.565,0,-0.06562317067204027,0.3552023587396522,0,0,-0.1754389780022456,0.178150674777629,0,0,0.3621787256267286,0.6047684071128223,0,0,0.2776977218785512,0.6419623811551556,0,0,-0.001210705124236015,0.5009926394409042,0,192.6007326007326,809.0842490842491,797.3992673992674,188.974358974359,1303.882783882784,0.025757,0.168823,0.989380,2.325287,-3.768311,-2.056122,1,4,1,1,2,100.000000,
2023-11-24 14:45:12.498,,,,,,,,,,,,,,,,,,,,,,,,,,,,,,,,,,,,,,/muse/elements/jaw_clench,
2023-11-24 14:45:12.563,0,-0.1104532379369384,-0.3591993989096643,0,0,-0.1504243196272586,-0.2140946866488303,0,0,0.1625240349188848,0.09025405108302809,0,0,0.2252392556182116,0.4100420858571155,0,0,0.01784315844226888,0.3783878003818306,0,1608.901098901099,806.6666666666667,801.8315018315019,38.27838827838828,1131.025641025641,0.024902,0.165283,0.991699,2.743988,-4.545898,-1.801910,1,2,1,1,4,100.000000,
2023-11-24 14:45:13.564,0,-0.2297399567996531,-0.3522080464155218,0,0,0.05219145298908257,-0.3281913183320055,0,0,-0.006893680989702006,0.1970958671845641,0,0,0.3285610544674905,0.545438824797014,0,0,0.2944068491638965,0.398527970576797,0,1103.223443223443,792.967032967033,790.1465201465202,1174.542124542125,1220.879120879121,0.023682,0.162292,0.988953,2.631836,-4.209442,-2.078552,1,4,1,1,4,100.000000,
2023-11-24 14:45:14.564,0,-0.09463280247444755,0.7838076377513791,0,0,0.03973113988052743,0.4215583067458873,0,0,0.002654595946612828,0.4421637688219371,0,0,0.2649931784459056,0.5221117344585107,0,0,0.3564557403238342,0.40295510153469,0,111.2087912087912,812.3076923076924,811.0989010989011,144.2490842490843,1280.512820512821,0.022705,0.163513,0.982788,1.929016,-4.329071,-2.168274,1,4,1,1,2,100.000000,
2023-11-24 14:45:15.570,0,-0.4215147976254781,-0.2501182844560897,0,0,-0.1057227309323175,-0.1642777742005521,0,0,0.1012189468901019,0.08598197901278348,0,0,0.1341914702805321,0.3385142066207116,0,0,0.3980858584957058,0.3297582513356281,0,1257.948717948718,801.025641025641,821.1721611721612,1323.626373626374,1114.908424908425,0.023438,0.162231,0.986267,2.654266,-4.426270,-2.265472,1,4,1,1,4,100.000000,
2023-11-24 14:45:16.563,0,-0.2416426226325159,0.237694069756005,0,0,-0.4022816372817555,0.1184814194083956,0,0,0.1377256582932088,0.3195815613011384,0,0,0.1800922223097564,0.4996148016949848,0,0,0.3803246962077916,0.4358143273879534,0,1000.07326007326,785.7142857142858,795.7875457875458,1010.549450549451,1020.21978021978,0.023132,0.165710,0.984009,3.155212,-4.201965,-2.160797,1,4,1,1,2,100.000000,
2023-11-24 14:45:16.861,,,,,,,,,,,,,,,,,,,,,,,,,,,,,,,,,,,,,,/muse/elements/jaw_clench,
2023-11-24 14:45:17.054,,,,,,,,,,,,,,,,,,,,,,,,,,,,,,,,,,,,,,/muse/elements/jaw_clench,
2023-11-24 14:45:17.564,0,-0.1324058037537388,0.7999906851749498,0,0,-0.4719875066489969,0.4687454096408624,0,0,-0.01803088554199717,0.4001572255913203,0,0,0.1413716848736398,0.5142804392874721,0,0,0.3077248229446636,0.4331054390808394,0,634.6153846153846,813.5164835164835,779.2673992673992,707.1428571428571,951.3186813186813,0.021179,0.174866,0.988403,2.714081,-4.299164,-2.026215,1,4,1,1,4,100.000000,
2023-11-24 14:45:17.567,,,,,,,,,,,,,,,,,,,,,,,,,,,,,,,,,,,,,,/muse/elements/jaw_clench,
2023-11-24 14:45:18.564,0,0.7770642830565304,1.049010216849715,0,0,0.5488683257828957,0.6164273996108321,0,0,0.1837664464800872,0.6703435044672129,0,0,0.4107761887089317,0.6526923101105705,0,0,-0.0430512919216962,0.1745961694687868,0,1017.802197802198,798.6080586080586,788.9377289377289,1072.600732600733,1118.534798534798,0.022888,0.173157,0.982727,2.639313,-4.291687,-3.058014,1,4,1,1,4,100.000000,
2023-11-24 14:45:19.563,0,0.5576288026763099,1.006649528204341,0,0,0.3427094123631033,0.590600793837981,0,0,0.1551828715598334,0.5275563586688136,0,0,0.1601382288812923,0.7072169993504837,0,0,-0.1937119364591251,0.218418424560332,0,833.6630036630037,800.6227106227107,817.948717948718,917.0695970695971,940.4395604395605,0.013184,0.177979,0.987122,2.519684,-4.725342,-2.497253,1,4,1,1,2,100.000000,
2023-11-24 14:45:20.564,0,0.4086429894723908,1.004797936749577,0,0,0.3348556093366294,0.6840130092927585,0,0,0.469223204436281,0.6187064168995059,0,0,0.1082008127685176,0.680758273933761,0,0,-0.07427564132449996,0.3446510967495852,0,166.007326007326,788.5347985347986,815.5311355311355,300.1831501831502,775.2380952380953,0.018921,0.174011,0.984680,2.519684,-3.880463,-1.682281,1,2,1,1,4,100.000000,
2023-11-24 14:45:20.800,,,,,,,,,,,,,,,,,,,,,,,,,,,,,,,,,,,,,,/muse/elements/jaw_clench,
2023-11-24 14:45:21.564,0,0.8740774688384874,0.7856429170181981,0,0,0.7403492247042321,0.4932161981939167,0,0,0.6377166363290578,0.5892043069915591,0,0,0.1732665929511406,0.7272604785377774,0,0,0.09896878985279753,0.4297079242509763,0,0,797.8021978021978,795.3846153846154,0,419.8534798534799,0.017212,0.177734,0.985596,2.983246,-4.104767,-2.265472,1,2,1,1,4,100.000000,
2023-11-24 14:45:21.933,,,,,,,,,,,,,,,,,,,,,,,,,,,,,,,,,,,,,,/muse/elements/jaw_clench,
2023-11-24 14:45:22.564,0,0.9227494281327868,0.5190615505350725,0,0,0.7145618920881197,0.03582080683657091,0,0,0.5141052381455172,0.4237248125266361,0,0,0.2856389664339868,0.6731770922841273,0,0,0.03214402211583112,0.4632959904183687,0,616.8864468864469,787.7289377289378,802.6373626373627,684.5787545787546,921.9047619047619,0.016479,0.176758,0.983826,2.243042,-4.590759,-2.370148,1,2,1,1,4,100.000000,
2023-11-24 14:45:22.617,,,,,,,,,,,,,,,,,,,,,,,,,,,,,,,,,,,,,,/muse/elements/jaw_clench,
2023-11-24 14:45:22.852,,,,,,,,,,,,,,,,,,,,,,,,,,,,,,,,,,,,,,/muse/elements/jaw_clench,
2023-11-24 14:45:23.563,0,1.038438664182642,0.6228595548887168,0,0,0.7502572662382709,0.1480631646582834,0,0,0.558711760007784,0.3478866185205322,0,0,0.2532393662209472,0.6274211492386866,0,0,0.1915849212354357,0.2788523430229612,0,0,807.8754578754579,809.0842490842491,0,593.5164835164835,0.015320,0.186218,0.983032,2.968292,-4.201965,-1.622467,1,2,1,1,2,100.000000,
2023-11-24 14:45:23.687,,,,,,,,,,,,,,,,,,,,,,,,,,,,,,,,,,,,,,/muse/elements/jaw_clench,
2023-11-24 14:45:24.564,0,0.4975419505785783,0.5205006912948714,0,0,0.2951009752202237,0.3298963039556326,0,0,0.3541289673829717,0.1659914305286876,0,0,0.1478671188580496,0.3643464644736806,0,0,-0.02007462702783902,0.4234090716857842,0,429.1208791208791,809.0842490842491,812.3076923076924,348.1318681318681,618.0952380952381,0.019226,0.184875,0.983276,2.437439,-4.336548,-1.981354,1,4,1,1,2,100.000000,
2023-11-24 14:45:25.564,0,0.7390393273616082,0.8526127801331225,0,0,0.3662576806903885,0.627563905440543,0,0,0.2677910163585994,0.3750627147332177,0,0,0.2058408550983667,0.4597379449356654,0,0,-0.234316482833049,0.5098599316862994,0,250.2197802197802,803.4432234432235,801.8315018315019,374.7252747252747,1070.18315018315,0.016113,0.184692,0.984436,2.818756,-4.329071,-2.175751,1,4,1,1,2,100.000000,
2023-11-24 14:45:26.177,,,,,,,,,,,,,,,,,,,,,,,,,,,,,,,,,,,,,,/muse/elements/jaw_clench,
2023-11-24 14:45:26.563,0,0.8611991370048783,0.7540989153578794,0,0,0.5109419141232718,0.4652528575397283,0,0,0.6184111776808813,0.4372614844712259,0,0,0.2537187840259095,0.6976085341607269,0,0,-0.0806405039228402,0.5322840506864392,0,997.2527472527473,803.040293040293,799.8168498168499,1006.923076923077,1063.333333333333,0.016113,0.183044,0.986145,2.295380,-4.157104,-1.480408,1,2,1,1,4,100.000000,
2023-11-24 14:45:27.564,0,0.9381544853231398,0.02789806717825229,0,0,0.6330767635616913,-1.132511962853594e-05,0,0,0.6092002797082244,0.2491574293826741,0,0,0.2103918091777901,0.5264910473201491,0,0,-0.06484071177499114,0.3113738152144799,0,0,789.7435897435897,808.2783882783883,0,288.4981684981685,0.013733,0.188721,0.985291,2.407532,-4.284210,-2.183228,1,4,1,1,4,100.000000,
2023-11-24 14:45:27.737,,,,,,,,,,,,,,,,,,,,,,,,,,,,,,,,,,,,,,/muse/elements/jaw_clench,
2023-11-24 14:45:28.102,,,,,,,,,,,,,,,,,,,,,,,,,,,,,,,,,,,,,,/muse/elements/jaw_clench,
2023-11-24 14:45:28.564,0,-0.06155680090926124,-0.1142513856635019,0,0,-0.134963105122304,-0.1564687244214244,0,0,0.06368128767047188,0.2032280004948133,0,0,0.1083845006778153,0.5732611116080197,0,0,0.08523776615575497,0.2981922492915113,0,0,802.6373626373627,807.4725274725275,16.92307692307692,585.8608058608058,0.016235,0.185974,0.984863,2.444916,-3.940277,-2.160797,1,2,1,1,2,100.000000,
2023-11-24 14:45:29.430,,,,,,,,,,,,,,,,,,,,,,,,,,,,,,,,,,,,,,/muse/elements/jaw_clench,
2023-11-24 14:45:29.570,0,-0.16920233283132,0.5115823518123728,0,0,0.1013709990197783,0.1841360391715849,0,0,0.1125363899558043,0.4630739897896041,0,0,0.108222976066207,0.5712242660035803,0,0,0.06077144214221691,0.3650817519944551,0,892.4908424908425,795.3846153846154,801.4285714285714,963.8095238095239,927.1428571428572,0.012695,0.181152,0.988403,2.467346,-4.209442,-1.951447,1,2,1,1,4,100.000000,
2023-11-24 14:45:29.666,,,,,,,,,,,,,,,,,,,,,,,,,,,,,,,,,,,,,,/muse/elements/jaw_clench,
2023-11-24 14:45:29.839,,,,,,,,,,,,,,,,,,,,,,,,,,,,,,,,,,,,,,/muse/elements/jaw_clench,
2023-11-24 14:45:30.052,,,,,,,,,,,,,,,,,,,,,,,,,,,,,,,,,,,,,,/muse/elements/jaw_clench,
2023-11-24 14:45:30.563,0,-0.4445045791231343,0.8962179003189942,0,0,-0.5868355433428909,0.3811552382406634,0,0,0.1235440279797267,0.5787279994302869,0,0,0.1194045467606762,0.6036152032615657,0,0,-0.2375524850958415,0.4875654750612334,0,294.9450549450549,802.6373626373627,805.8608058608058,416.6300366300367,696.2637362637363,0.019287,0.180176,0.985474,2.639313,-4.134674,-2.257996,1,2,1,1,2,100.000000,
2023-11-24 14:45:31.563,0,-0.638492199077943,0.3649637209060609,0,0,-0.5421796290513425,-0.01406793317845972,0,0,0.182504473052402,0.4762723034609468,0,0,0.08439037504476764,0.8635773035965094,0,0,-0.08606425411733036,0.5211053685497343,0,0,803.040293040293,807.4725274725275,0,630.1831501831502,0.015869,0.178284,0.985840,1.936493,-4.231873,-2.302856,1,2,1,1,2,100.000000,
2023-11-24 14:45:32.563,0,0.1540514738173976,0.4115089595546557,0,0,-0.1009934745542689,0.2234420307034071,0,0,0.1544192317212066,0.5459544929923931,0,0,0.1975655006539994,0.9370243607390804,0,0,-0.03115362314234019,0.4933287278821082,0,0,799.8168498168499,801.4285714285714,0,309.4505494505495,0.018555,0.175964,0.985901,2.601929,-4.471130,-2.018738,1,2,1,1,2,100.000000,
2023-11-24 14:45:33.563,0,0.4503140906507129,0.3243451010969952,0,0,0.07221420304968264,0.1300969336985448,0,0,0.1114483213865182,0.4686702041290233,0,0,0.3007019308030365,0.7556907477256347,0,0,0.04227675518509629,0.6291692124476481,0,0,794.981684981685,807.4725274725275,12.89377289377289,558.4615384615385,0.018494,0.181519,0.983643,2.729034,-4.097290,-2.243042,1,2,1,1,2,100.000000,
2023-11-24 14:45:34.543,,,,,,,,,,,,,,,,,,,,,,,,,,,,,,,,,,,,,,/muse/elements/jaw_clench,
2023-11-24 14:45:34.563,0,0.2708504047090937,0.4591368888499534,0,0,0.06061954125682202,0.3890658892575504,0,0,0.1199972539903284,0.5811672943492021,0,0,0.2974599998887947,0.6457838600863441,0,0,-0.003377018617581851,0.5045943077574102,0,0,793.7728937728938,799.8168498168499,0,442.8205128205128,0.015076,0.177856,0.984314,2.512207,-4.426270,-1.637421,1,2,1,1,2,100.000000,
2023-11-24 14:45:35.563,0,0.4571462736948175,0.7694650941426255,0,0,0.1508656071596599,0.504347427917235,0,0,0.2174794135883535,0.4180935687019934,0,0,0.3901938120305459,0.6229178224037066,0,0,-0.1530959247294414,0.5420287138096983,0,0,795.7875457875458,807.0695970695971,0,248.6080586080586,0.019409,0.172363,0.979126,2.549591,-4.545898,-2.041168,1,2,1,1,2,100.000000,
2023-11-24 14:45:35.930,,,,,,,,,,,,,,,,,,,,,,,,,,,,,,,,,,,,,,/muse/elements/jaw_clench,
2023-11-24 14:45:36.563,0,0.1605873489681163,0.6223016746715898,0,0,-0.6582462149369529,0.3451795865132491,0,0,-0.1280670879827701,0.1565269138201813,0,0,0.1401633058810099,0.5713393991545883,0,0,0.1354005246374704,0.5499182490921424,0,150.2930402930403,810.6959706959707,805.8608058608058,44.72527472527473,166.007326007326,0.025024,0.179565,0.985229,2.250519,-4.538422,-2.071075,1,4,1,1,2,100.000000,
2023-11-24 14:45:37.563,0,0.3873093999907081,0.740663982455689,0,0,-0.1947200255773296,0.5717062758502661,0,0,0.1302775649510206,0.5734871293635893,0,0,0.1223056955068871,0.6663510444262304,0,0,0.009831227559379301,0.4414144654650056,0,0,797.8021978021978,785.3113553113553,0,324.3589743589744,0.020996,0.181702,0.986389,2.257996,-4.441223,-2.108459,1,4,1,1,2,100.000000,
2023-11-24 14:45:37.767,,,,,,,,,,,,,,,,,,,,,,,,,,,,,,,,,,,,,,/muse/elements/jaw_clench,
2023-11-24 14:45:38.573,0,0.7576317590468683,1.155368016711787,0,0,0.04768864077346133,0.9279972300109349,0,0,0.04245525518359992,0.6181833054172902,0,0,-0.008128389421160124,0.7106214054145933,0,0,-0.1652918896556904,0.2295073009247071,0,0,790.952380952381,772.8205128205128,45.53113553113553,811.5018315018315,0.017090,0.181702,0.981628,2.489777,-4.493561,-2.130890,1,4,1,1,4,100.000000,
2023-11-24 14:45:39.575,0,0.5006273488718654,1.156183623563516,0,0,-0.07551508227664094,0.8661364690473987,0,0,0.1381262616778628,0.4737919266053418,0,0,0.1200887142546786,0.8256115153199955,0,0,-0.08191428502431955,0.4222923058276902,0,0,797.8021978021978,803.040293040293,0,358.2051282051282,0.022522,0.181152,0.984192,2.572021,-4.216919,-1.457977,1,2,1,1,2,100.000000,
2023-11-24 14:45:40.033,,,,,,,,,,,,,,,,,,,,,,,,,,,,,,,,,,,,,,/muse/elements/jaw_clench,
2023-11-24 14:45:40.205,,,,,,,,,,,,,,,,,,,,,,,,,,,,,,,,,,,,,,/muse/elements/jaw_clench,
2023-11-24 14:45:40.526,,,,,,,,,,,,,,,,,,,,,,,,,,,,,,,,,,,,,,/muse/elements/jaw_clench,
2023-11-24 14:45:40.563,0,1.034523914383316,1.271942987507996,0,0,0.6633209822305871,0.8958965839476308,0,0,0.5996437670098536,0.5278007679194837,0,0,0.1024489660548499,0.6292190965948841,0,0,-0.1361548666560062,0.3028955004801762,0,0,799.8168498168499,792.1611721611722,0,398.9010989010989,0.028748,0.188904,0.981689,2.699127,-4.433746,-2.385101,1,2,1,1,2,100.000000,
2023-11-24 14:45:41.511,,,,,,,,,,,,,,,,,,,,,,,,,,,,,,,,,,,,,,/muse/elements/jaw_clench,
2023-11-24 14:45:41.565,0,0.9251957798119671,1.070386228658965,0,0,0.5615766396389391,0.6374362009256649,0,0,0.5996437670098536,0.5687941552483097,0,0,0.2101682452081235,0.4807876722205867,0,0,-0.09639311943844729,0.3197931031554017,0,0,796.5934065934066,807.4725274725275,0,523.8095238095239,0.027771,0.184143,0.983765,2.362671,-4.157104,-1.966400,1,2,1,1,2,100.000000,
2023-11-24 14:45:42.563,0,-0.2010184014760862,0.2003151692614379,0,0,-0.3859895034109154,0.4147110965549473,0,0,0.07050568017026639,0.8927531230022369,0,0,0.1779376068486611,0.7525126088359965,0,0,-0.04334808076953706,0.6782014346449816,0,0,801.025641025641,790.5494505494506,0,259.4871794871795,0.024536,0.184265,0.984558,3.058014,-3.985138,-2.347717,1,2,1,1,2,100.000000,
2023-11-24 14:45:43.563,0,0.09716472753572121,0.4335185023536713,0,0,0.09339260661737465,0.4000215348643452,0,0,0.448345670327197,0.8927531230022369,0,0,0.1364773218067322,0.8328080664165197,0,0,-0.09687537206312871,0.729972642309562,0,0,802.2344322344322,799.0109890109891,0,408.974358974359,0.024414,0.181213,0.984314,2.631836,-4.426270,-1.973877,1,2,1,1,2,100.000000,
2023-11-24 14:45:44.563,0,0.9147844860218607,0.5855047969111151,0,0,0.6679968562472304,0.2564449049748567,0,0,0.5825612848782395,0.2204691256282438,0,0,0.1480645682978339,0.7463955448211467,0,0,-0.1069185535951909,0.5369240570053831,0,0,794.1758241758242,799.8168498168499,0,507.2893772893773,0.020935,0.184387,0.983337,2.340240,-4.254303,-1.734619,1,2,1,1,2,100.000000,
2023-11-24 14:45:45.563,0,0.2157509879794856,0.3445925245502972,0,0,0.02693942346331653,0.2038384330270724,0,0,0.4655704392080751,0.4251285424612873,0,0,0.1675854107940304,0.7376865843140265,0,0,-0.2406263403464328,0.5491068976598193,0,0,797.3992673992674,799.4139194139194,0,188.5714285714286,0.023865,0.178345,0.981445,2.572021,-4.321594,-1.854248,1,2,1,1,2,100.000000,
2023-11-24 14:45:46.570,0,0.1998516777183598,0.569468371314853,0,0,-0.04067485718124178,0.3228483161502463,0,0,0.1254983471929043,0.5117197967779803,0,0,0.2062418590917742,0.591160122652042,0,0,-0.2502916367859029,0.5046917429788995,0,0,804.2490842490843,813.919413919414,0,417.4358974358975,0.023254,0.178772,0.987305,2.930908,-4.553375,-2.011261,1,2,1,1,4,100.000000,
2023-11-24 14:45:47.088,,,,,,,,,,,,,,,,,,,,,,,,,,,,,,,,,,,,,,/muse/elements/jaw_clench,
2023-11-24 14:45:47.571,0,0.5990684902958427,1.128002275289915,0,0,0.3196357596630168,0.6769760303074774,0,0,0.1627966427732481,0.6748816167138466,0,0,0.2315206476643505,0.5418663358540862,0,0,-0.02939303552185976,0.1988378517518821,0,0,791.7582417582418,796.1904761904763,0,429.9267399267399,0.027832,0.182251,0.982544,2.945862,-4.418793,-1.921539,1,2,1,1,4,100.000000,
2023-11-24 14:45:48.563,0,0.272256763644556,0.7831364146192585,0,0,-0.01681664169712617,0.3913332403325208,0,0,0.2550487658081227,0.6987469110670406,0,0,0.1296540961125879,0.5195465149970446,0,0,-0.2479863599736257,0.2476560431962868,0,0,792.967032967033,790.952380952381,0,199.8534798534799,0.028870,0.178467,0.982056,2.168274,-3.798218,-1.495361,1,4,1,1,4,100.000000,
2023-11-24 14:45:49.441,,,,,,,,,,,,,,,,,,,,,,,,,,,,,,,,,,,,,,/muse/elements/jaw_clench,
2023-11-24 14:45:49.563,0,-0.07098971936756034,0.5222164565272731,0,0,-0.248056324320362,0.1790441383822622,0,0,0.06468470415131727,0.4925212493164597,0,0,0.002899579110408368,0.3794898444869387,0,0,-0.3065320938512747,0.0852876879544435,0,118.8644688644689,801.025641025641,801.025641025641,24.98168498168498,234.1025641025641,0.027405,0.181885,0.983459,2.160797,-4.224396,-2.758942,1,4,1,1,4,100.000000,
2023-11-24 14:45:50.563,0,0.0007548324993155362,0.2600405420464654,0,0,-0.140413873618281,0.09908947216843372,0,0,0.1183112767360583,0.5722311541152458,0,0,-0.02412552148141902,0.4320332061354088,0,0,-0.1346077869538581,0.3397853775872794,0,534.2857142857143,801.4285714285714,821.5750915750916,461.3553113553114,284.4688644688645,0.024048,0.185364,0.988464,2.863617,-3.910370,-2.048645,1,4,1,1,2,100.000000,
2023-11-24 14:45:51.344,,,,,,,,,,,,,,,,,,,,,,,,,,,,,,,,,,,,,,/muse/elements/jaw_clench,
2023-11-24 14:45:51.562,0,0.1551497066561548,0.3453209345389469,0,0,-0.0993122468575792,0.06765956802574519,0,0,0.06761389482821446,0.5553192802487814,0,0,0.07035618515412195,0.6242812141481682,0,0,-0.0962001775079962,0.595306221998706,0,0,792.1611721611722,786.9230769230769,0,195.4212454212454,0.022461,0.179321,0.984985,2.975769,-4.568329,-1.929016,1,2,1,1,4,100.000000,
2023-11-24 14:45:52.574,0,-0.06095894210691969,0.2046961754499921,0,0,-0.1011623025761003,0.1102223534598188,0,0,0.2182823249821543,0.4540053383759089,0,0,0.03129953873557763,0.5338057260973587,0,0,-0.2309777586707358,0.2540337349274347,0,0,803.4432234432235,814.7252747252747,0,661.6117216117216,0.023010,0.182556,0.982788,2.205658,-4.411316,-2.003784,1,2,1,1,2,100.000000,
2023-11-24 14:45:53.312,,,,,,,,,,,,,,,,,,,,,,,,,,,,,,,,,,,,,,/muse/elements/jaw_clench,
2023-11-24 14:45:53.504,,,,,,,,,,,,,,,,,,,,,,,,,,,,,,,,,,,,,,/muse/elements/jaw_clench,
2023-11-24 14:45:53.563,0,-0.1038080591025749,0.01341649460118167,0,0,-0.332435341610145,-0.2040417219155258,0,0,0.2438100611417654,0.01292806231005602,0,0,0.005493978902205651,0.4514775789803565,0,0,-0.07361693448387849,0.3574696432611973,0,0,801.8315018315019,809.4871794871796,0,311.4652014652015,0.022644,0.175842,0.982300,2.317810,-4.224396,-1.532745,1,2,1,1,4,100.000000,
2023-11-24 14:45:53.933,,,,,,,,,,,,,,,,,,,,,,,,,,,,,,,,,,,,,,/muse/elements/jaw_clench,
2023-11-24 14:45:54.567,0,0.1416882266982532,0.2372011087340385,0,0,0.02297162093865733,0.2024513019541574,0,0,0.2031312668951708,0.3967235784860684,0,0,-0.00872962369539813,0.5469330148971856,0,0,-0.08631356602620799,0.450275077288853,0,0,801.025641025641,803.8461538461539,0,200.2564102564102,0.019043,0.179382,0.980713,2.504730,-4.224396,-1.742096,1,2,1,1,4,100.000000,
2023-11-24 14:45:54.808,,,,,,,,,,,,,,,,,,,,,,,,,,,,,,,,,,,,,,/muse/elements/jaw_clench,
2023-11-24 14:45:55.565,0,0.3039026131458221,0.5761744762048746,0,0,0.1377400806181612,0.6036402180421444,0,0,0.207723310499401,0.5595308266391663,0,0,-0.03323634689822907,0.6571664222145399,0,0,-0.1921275957236728,0.4546029717087421,0,390.4395604395605,798.2051282051282,788.9377289377289,320.7326007326008,267.5457875457876,0.029114,0.183472,0.980530,2.729034,-4.403839,-1.891632,1,2,1,1,4,100.000000,
2023-11-24 14:45:56.476,,,,,,,,,,,,,,,,,,,,,,,,,,,,,,,,,,,,,,/muse/elements/jaw_clench,
2023-11-24 14:45:56.562,0,-0.02429106348038166,-0.1336694047582899,0,0,-0.07953473099745596,0.04327314908112802,0,0,0.09739644774812753,0.4464862143679435,0,0,0.08747581168307388,0.8368605459582854,0,0,-0.1843259933466545,0.5955951457790951,0,0,788.9377289377289,770.8058608058608,0,211.1355311355312,0.022644,0.182373,0.981140,2.325287,-4.074860,-2.033691,1,4,1,1,4,100.000000,
2023-11-24 14:45:57.563,0,0.1197429639142055,0.1549980004240156,0,0,-0.008115249275865129,0.09562512011788432,0,0,0.2114346856135534,0.4318687354301306,0,0,0.1252444310528876,0.8326778149997063,0,0,-0.2398488699880184,0.7723814098719666,0,134.1758241758242,794.5787545787546,777.2527472527473,23.77289377289377,296.959706959707,0.028687,0.181274,0.985291,2.841187,-4.463654,-1.958923,1,4,1,1,2,100.000000,
2023-11-24 14:45:57.886,,,,,,,,,,,,,,,,,,,,,,,,,,,,,,,,,,,,,,/muse/elements/jaw_clench,
2023-11-24 14:45:58.563,0,0.4978271177090527,0.5855233824505496,0,0,0.05735954383801665,0.3092852462344403,0,0,0.1958949179566992,0.457053269045108,0,0,0.1902600464765422,0.8668649647481036,0,0,-0.3054281926147677,0.9697783849511612,0,585.8608058608058,801.8315018315019,815.934065934066,510.9157509157509,344.5054945054945,0.025146,0.182007,0.983459,2.721558,-4.418793,-1.637421,1,2,1,1,4,100.000000,
2023-11-24 14:45:58.825,,,,,,,,,,,,,,,,,,,,,,,,,,,,,,,,,,,,,,/muse/elements/jaw_clench,
2023-11-24 14:45:59.565,0,0.234869135684457,0.5581870870836649,0,0,-0.1999793112254042,-0.04199453509047901,0,0,0.1565916386126438,0.3891166271798001,0,0,0.1515163968452508,0.6358037336631747,0,0,-0.2422693543248769,0.5497591394538524,0,0,801.025641025641,786.5201465201466,0,218.3882783882784,0.025574,0.178162,0.983765,2.325287,-4.000092,-1.510315,1,2,1,1,4,100.000000,
2023-11-24 14:45:59.702,,,,,,,,,,,,,,,,,,,,,,,,,,,,,,,,,,,,,,/muse/elements/jaw_clench,
2023-11-24 14:46:00.324,,,,,,,,,,,,,,,,,,,,,,,,,,,,,,,,,,,,,,/muse/elements/jaw_clench,
2023-11-24 14:46:00.569,0,0.7529485174593935,0.6049478621219753,0,0,0.248708384414369,0.02263388644299206,0,0,0.1470721775123429,0.405283517278315,0,0,0.1463993027890228,0.537296261491509,0,0,-0.2585315829168154,0.4269560143722995,0,353.3699633699634,807.0695970695971,807.0695970695971,285.2747252747253,226.4468864468865,0.020081,0.176331,0.981812,2.235565,-4.254303,-1.988831,1,4,1,1,4,100.000000,
2023-11-24 14:46:00.728,,,,,,,,,,,,,,,,,,,,,,,,,,,,,,,,,,,,,,/muse/elements/jaw_clench,
2023-11-24 14:46:00.942,,,,,,,,,,,,,,,,,,,,,,,,,,,,,,,,,,,,,,/muse/elements/jaw_clench,
2023-11-24 14:46:01.350,,,,,,,,,,,,,,,,,,,,,,,,,,,,,,,,,,,,,,/muse/elements/jaw_clench,
2023-11-24 14:46:01.563,0,0.9787779776783192,0.4293451992656794,0,0,0.3125285591900292,0.03256419153002563,0,0,0.3486310892005657,0.3444580828166782,0,0,0.05827098581831748,0.4786110437797167,0,0,-0.2169030337302463,0.3153942370261203,0,599.5604395604396,801.8315018315019,805.4578754578755,599.1575091575091,372.7106227106227,0.022522,0.176758,0.982727,2.340240,-4.336548,-2.355194,1,2,1,1,4,100.000000,
2023-11-24 14:46:02.563,0,0.7406635237911899,0.371310785457547,0,0,0.4031863200973552,0.199462784736705,0,0,0.3498360386283411,0.6609101179451676,0,0,0.2205492907046128,0.6317829364108497,0,0,-0.1434334663405487,0.3865526812481513,0,20.54945054945055,791.7582417582418,785.3113553113553,0,227.6556776556777,0.023987,0.178406,0.982666,2.429962,-4.089813,-2.355194,1,2,1,1,2,100.000000,
2023-11-24 14:46:03.563,0,0.9875392862506759,0.4824638849351267,0,0,0.5957622709164696,0.3921827207258604,0,0,0.4263251167031007,0.6052232152589783,0,0,0.07113008598135349,0.7181130728224501,0,0,-0.01713448272522831,0.4262170472085495,0,493.992673992674,801.025641025641,806.6666666666667,417.0329670329671,301.7948717948718,0.027100,0.178894,0.988831,3.028107,-4.441223,-2.026215,1,2,1,1,4,100.000000,
2023-11-24 14:46:03.681,,,,,,,,,,,,,,,,,,,,,,,,,,,,,,,,,,,,,,/muse/elements/jaw_clench,
2023-11-24 14:46:04.388,,,,,,,,,,,,,,,,,,,,,,,,,,,,,,,,,,,,,,/muse/elements/jaw_clench,
2023-11-24 14:46:04.571,0,0.4448373276390038,0.3276782630770778,0,0,0.1474626486134867,-0.05130431943631138,0,0,0.3044744244334118,0.1523061081377161,0,0,-0.04519876926478612,0.6845996628337659,0,0,-0.2337538123392468,0.5923988372743674,0,0,799.0109890109891,786.5201465201466,0,288.4981684981685,0.027466,0.169800,0.986206,2.542114,-4.127197,-2.086029,1,4,1,1,2,100.000000,
2023-11-24 14:46:05.563,0,0.4552379645707368,0.3585908581040158,0,0,-0.05945292511658135,0.2657711143226948,0,0,0.03626737044028884,0.506228629154958,0,0,0.1037658166527466,0.6014654397296808,0,0,-0.3398425167271397,0.5470427214194502,0,1098.791208791209,805.0549450549451,795.3846153846154,938.021978021978,562.893772893773,0.026123,0.173523,0.987366,1.742096,-4.613190,-2.160797,1,4,1,1,4,100.000000,
2023-11-24 14:46:06.563,0,1.297132475620522,0.1708381810576648,0,0,0.8594360758992551,0.4231471668616622,0,0,0.4613239638478998,0.5093670734696618,0,0,0.1764973098125737,0.7765435608288803,0,0,-0.1271434043147032,0.5338896502545262,0,10.87912087912088,797.8021978021978,791.7582417582418,1611.721611721612,1048.827838827839,0.026489,0.174377,0.988647,2.340240,-4.418793,-2.265472,1,2,1,1,4,100.000000,
2023-11-24 14:46:07.563,0,1.274862995956436,0.09991722558848551,0,0,0.8477774000687686,0.2120773640142366,0,0,0.4618536979706155,0.2475421991412006,0,0,0.2234555534100864,1.02206564478557,0,0,-0.1670875011526225,0.9527772833351201,0,728.901098901099,805.0549450549451,804.2490842490843,645.8974358974359,509.3040293040293,0.027161,0.176331,0.988342,2.377625,-4.538422,-1.936493,1,4,1,1,4,100.000000,
2023-11-24 14:46:08.575,0,-0.01684261152841301,0.1120570586672225,0,0,-0.3463415243824916,-0.0002990547447607761,0,0,0.1305459386175004,0.547558369805042,0,0,0.1618303485518197,0.8614640966393584,0,0,-0.1874945435626543,0.7442662959853847,0,352.5641025641026,804.2490842490843,803.040293040293,290.1098901098901,172.051282051282,0.026001,0.174927,0.986267,2.310333,-3.895416,-1.884155,1,4,1,1,2,100.000000,
2023-11-24 14:46:09.562,0,0.8112419792174838,0.5676134224946192,0,0,0.5203810562848903,0.235366385139509,0,0,0.6402654590677451,0.5261622039408409,0,0,0.0385430461276842,0.6841813573583556,0,0,-0.1413893749382689,0.4060609173041784,0,599.5604395604396,799.4139194139194,799.8168498168499,599.1575091575091,460.1465201465202,0.023804,0.179993,0.987000,2.542114,-4.351501,-2.115936,1,2,1,1,2,100.000000,
2023-11-24 14:46:10.563,0,0.9313732897949459,0.5654058619567274,0,0,0.6568110793536475,0.4054681159334786,0,0,0.627323571515936,0.2832430953346822,0,0,-0.01942370790367728,0.6717698286263497,0,0,-0.1357024614747607,0.5170400800830982,0,821.1721611721612,793.7728937728938,764.7619047619048,743.4065934065934,508.9010989010989,0.022034,0.170898,0.984558,1.622467,-4.000092,-1.659851,1,2,1,1,2,100.000000,
2023-11-24 14:46:11.563,0,0.7320501250755687,0.4916185178676418,0,0,0.4883443654834286,0.3702390576680328,0,0,0.4540677686499526,0.2440721931118263,0,0,0.1387030934679067,0.6445372610126373,0,0,-0.2282684912805171,0.5011204135387343,0,1427.179487179487,808.2783882783883,801.8315018315019,1288.974358974359,764.3589743589744,0.022888,0.173706,0.984070,2.564545,-4.119720,-2.063599,1,4,1,1,2,100.000000,
2023-11-24 14:46:12.568,0,0.3359382807315826,0.3602766107704855,0,0,-0.460060196896094,0.5730975752125872,0,0,-0.1552851951436028,0.87680661881156,0,0,0.1658935926270129,0.9339718521251547,0,0,-0.09127648798587806,0.6428217434929239,0,601.978021978022,814.7252747252747,815.1282051282052,600.7692307692308,707.5457875457876,0.026733,0.178101,0.986572,2.355194,-4.456177,-1.973877,1,2,1,1,4,100.000000,
2023-11-24 14:46:12.682,,,,,,,,,,,,,,,,,,,,,,,,,,,,,,,,,,,,,,/muse/elements/jaw_clench,
2023-11-24 14:46:13.569,0,0.359460345583648,1.038746185126165,0,0,-0.5739573134545763,0.9683177781183813,0,0,-0.1809111533560194,1.099222530986503,0,0,0.1754276031751803,0.8569826731277272,0,0,-0.03309250808420636,0.5625954862955582,0,915.4578754578755,789.7435897435897,776.0439560439561,850.1831501831502,671.6849816849817,0.029907,0.175476,0.986694,2.684174,-4.396362,-2.482300,1,2,1,1,2,100.000000,
2023-11-24 14:46:13.901,,,,,,,,,,,,,,,,,,,,,,,,,,,,,,,,,,,,,,/muse/elements/jaw_clench,
2023-11-24 14:46:14.563,0,0.7200562393232892,1.281745992078586,0,0,0.1744110985862637,1.060622441206694,0,0,0.1194084520573852,1.092170790878221,0,0,0.1770173783271969,0.7493570464229318,0,0,-0.1015295029925322,0.4153407491063166,0,1591.172161172161,808.6813186813187,813.919413919414,1473.113553113553,746.2271062271062,0.035217,0.188782,0.979980,2.811279,-4.037476,-2.370148,1,2,1,1,2,100.000000,
2023-11-24 14:46:15.563,0,0.8175039373523264,1.281745992078586,0,0,0.1828092008954645,1.060622441206694,0,0,0.07889694462938045,1.092170790878221,0,0,0.1783285390187381,0.7493570464229318,0,0,-0.0172010246269594,0.4153407491063166,0,616.4835164835165,800.2197802197802,802.2344322344322,607.6190476190476,535.8974358974359,0.033813,0.181763,0.983215,2.803802,-3.910370,-2.056122,1,2,1,1,4,100.000000,
2023-11-24 14:46:15.869,,,,,,,,,,,,,,,,,,,,,,,,,,,,,,,,,,,,,,/muse/elements/jaw_clench,
2023-11-24 14:46:16.563,0,0.01612422187276382,1.002096899060833,0,0,-0.004441329493225943,0.9476589153786238,0,0,0.006213140272730994,0.8698737070288255,0,0,0.03923861587665674,0.682375482566145,0,0,-0.1213625670639964,0.408198661976334,0,1047.216117216117,802.2344322344322,805.8608058608058,939.6336996336996,662.014652014652,0.028259,0.182739,0.980042,2.519684,-4.284210,-2.138367,1,2,1,1,4,100.000000,
2023-11-24 14:46:16.768,,,,,,,,,,,,,,,,,,,,,,,,,,,,,,,,,,,,,,/muse/elements/jaw_clench,
2023-11-24 14:46:17.281,,,,,,,,,,,,,,,,,,,,,,,,,,,,,,,,,,,,,,/muse/elements/jaw_clench,
2023-11-24 14:46:17.562,0,0.2705243483994114,0.664618447368143,0,0,0.07856839743873723,0.1620199713304115,0,0,0.4056214266271521,0.3830551159644301,0,0,0.03022770382475053,0.6044692602603796,0,0,-0.1680469211546845,0.3158034748182812,0,1629.85347985348,801.8315018315019,798.2051282051282,1554.908424908425,792.5641025641025,0.022461,0.182983,0.986023,2.586975,-4.478607,-1.742096,1,4,1,1,4,100.000000,
2023-11-24 14:46:18.562,0,1.201121990332216,0.6788435030361242,0,0,0.8944719161382434,0.04873676119139039,0,0,0.6773762214301117,0.3605306514158321,0,0,0.1675204748242975,0.4933180390981244,0,0,-0.3160863267736434,0.4192458397825827,0,635.4212454212454,807.4725274725275,800.6227106227107,611.2454212454213,413.4065934065934,0.027466,0.181213,0.982788,2.452393,-4.194489,-1.996307,1,4,1,1,2,100.000000,
2023-11-24 14:46:19.201,,,,,,,,,,,,,,,,,,,,,,,,,,,,,,,,,,,,,,/muse/elements/jaw_clench,
2023-11-24 14:46:19.563,0,0.9639644246873392,0.3449436309637588,0,0,0.604449056523894,0.2021366001442221,0,0,0.4409596763202202,0.3499443962400808,0,0,0.07005509198428682,0.6308004098304092,0,0,-0.2770493899962078,0.5007840429696087,0,1012.161172161172,796.5934065934066,808.6813186813187,919.0842490842491,621.3186813186813,0.027893,0.181580,0.984924,2.340240,-4.575806,-1.869202,1,4,1,1,2,100.000000,
2023-11-24 14:46:20.563,0,0.9117132485924748,0.9752839936974563,0,0,0.6129545948579156,0.5313944341319473,0,0,0.5465603324450891,0.4795176996187617,0,0,0.09874133250624147,0.5714692742177698,0,0,-0.07879522416301155,0.4996440172776794,0,1576.666666666667,802.2344322344322,809.8901098901099,1455.384615384615,736.959706959707,0.033691,0.183594,0.981140,2.400055,-4.239349,-2.026215,1,2,1,1,2,100.000000,
2023-11-24 14:46:21.563,0,1.000301658893404,0.8797090915817128,0,0,0.6440718392410941,1.030292209092674,0,0,0.5007254109335946,0.9955159195452122,0,0,-0.03924587353684163,0.9043683097489883,0,0,-0.1874896757852986,0.6222724817664379,0,134.5787545787546,805.4578754578755,808.2783882783883,95.4945054945055,988.3882783882784,0.030212,0.184448,0.984741,2.235565,-4.142151,-1.951447,1,4,1,1,2,100.000000,
2023-11-24 14:46:22.562,0,0.8005211907781813,0.8326092192325305,0,0,0.3671624664708691,1.200454208017917,0,0,0.2118360813662824,0.9911819249475561,0,0,0.1376206965451268,0.9125770563255147,0,0,-0.3924419577348195,0.7287623547543696,0,840.5128205128206,796.5934065934066,795.3846153846154,757.5091575091575,496.8131868131868,0.029114,0.176758,0.985657,2.437439,-4.560852,-1.839294,1,2,1,1,4,100.000000,
2023-11-24 14:46:22.851,,,,,,,,,,,,,,,,,,,,,,,,,,,,,,,,,,,,,,/muse/elements/jaw_clench,
2023-11-24 14:46:23.363,,,,,,,,,,,,,,,,,,,,,,,,,,,,,,,,,,,,,,/muse/elements/jaw_clench,
2023-11-24 14:46:23.565,0,0.6442592213058096,-0.1532193699073775,0,0,0.386503750493037,-0.327609100216157,0,0,0.2195535324533255,0.07559636497436403,0,0,0.04406477710037391,0.5761176703224314,0,0,-0.1008649151008887,0.3304208786410793,0,359.8168498168498,799.0109890109891,803.4432234432235,293.7362637362638,206.3003663003663,0.031067,0.184753,0.985718,2.714081,-3.880463,-1.958923,1,2,1,1,4,100.000000,
2023-11-24 14:46:24.562,0,0.7179202753934327,0.3110461149448235,0,0,0.2794652190778264,0.09413121553286673,0,0,0.2508803975171608,0.2554076244165066,0,0,0.09869204254451144,0.6098942931393468,0,0,-0.1593683153106278,0.3112252983959585,0,599.1575091575091,790.952380952381,778.0586080586081,580.2197802197802,366.2637362637363,0.030334,0.185120,0.983521,2.751465,-4.620667,-1.951447,1,4,1,1,2,100.000000,
2023-11-24 14:46:25.481,,,,,,,,,,,,,,,,,,,,,,,,,,,,,,,,,,,,,,/muse/elements/jaw_clench,
2023-11-24 14:46:25.563,0,0.9986246566411588,0.5215899581261427,0,0,0.4983890273734272,0.3511642705084882,0,0,0.2184771105409978,0.2447694209210854,0,0,0.1556198961904233,0.8238747180995176,0,0,-0.2180944490693144,0.5125158745802385,0,637.8388278388279,804.2490842490843,805.0549450549451,611.2454212454213,483.5164835164835,0.031494,0.181030,0.979126,2.265472,-3.745880,-2.041168,1,2,1,1,4,100.000000,
2023-11-24 14:46:26.102,,,,,,,,,,,,,,,,,,,,,,,,,,,,,,,,,,,,,,/muse/elements/jaw_clench,
2023-11-24 14:46:26.318,,,,,,,,,,,,,,,,,,,,,,,,,,,,,,,,,,,,,,/muse/elements/jaw_clench,
2023-11-24 14:46:26.567,0,0.05558694212407016,0.1958390907359696,0,0,-0.1822053916643693,0.03376674868410942,0,0,0.2498472485305892,0.2347528327371174,0,0,0.01703389043908635,0.6963282298074089,0,0,-0.2126173427454783,0.4735274284128046,0,159.1575091575092,789.7435897435897,765.9706959706959,52.38095238095238,193.003663003663,0.026428,0.183533,0.981323,2.362671,-4.187012,-2.190704,1,2,1,1,4,100.000000,
2023-11-24 14:46:27.215,,,,,,,,,,,,,,,,,,,,,,,,,,,,,,,,,,,,,,/muse/elements/jaw_clench,
2023-11-24 14:46:27.562,0,0.9149405390915056,0.5280260879777003,0,0,0.5741596414851804,0.05351334607604341,0,0,0.5264349732441769,0.02699959397305531,0,0,0.08346814059474507,0.400688941178038,0,0,-0.2714130787843412,0.1940326085475488,0,462.5641025641026,803.040293040293,789.3406593406594,389.6336996336996,388.4249084249084,0.033081,0.184814,0.981445,2.130890,-4.381409,-2.026215,1,4,1,1,2,100.000000,
2023-11-24 14:46:27.730,,,,,,,,,,,,,,,,,,,,,,,,,,,,,,,,,,,,,,/muse/elements/jaw_clench,
2023-11-24 14:46:28.329,,,,,,,,,,,,,,,,,,,,,,,,,,,,,,,,,,,,,,/muse/elements/jaw_clench,
2023-11-24 14:46:28.563,0,0.9056225872407425,0.2276237507393424,0,0,0.5471784989406145,0.2605055286475852,0,0,0.5133471408281931,0.1946237775734094,0,0,0.1638260619855698,0.725880631429825,0,0,-0.47293801976407,0.393081904556674,0,599.9633699633699,797.3992673992674,780.0732600732601,599.1575091575091,326.7765567765568,0.030640,0.180115,0.982361,2.534637,-4.164581,-1.809387,1,4,1,1,2,100.000000,
2023-11-24 14:46:29.562,0,0.2195899173128719,0.4671414228064353,0,0,-0.3156724167679533,0.2712742438037675,0,0,0.01965393918040676,0.3299594344997787,0,0,0.06006066011559519,0.6623066715914916,0,0,-0.5128050596293863,0.3873597010705239,0,712.3809523809524,800.6227106227107,790.952380952381,633.0036630036631,535.0915750915751,0.027649,0.182983,0.984558,2.444916,-4.508514,-2.048645,1,2,1,1,4,100.000000,
2023-11-24 14:46:29.654,,,,,,,,,,,,,,,,,,,,,,,,,,,,,,,,,,,,,,/muse/elements/jaw_clench,
2023-11-24 14:46:30.562,0,-0.05102202819664618,0.8696869296753896,0,0,-0.1582226386173204,0.5499167872320179,0,0,0.1793794380109582,0.5770241443285311,0,0,-0.02319972687144005,0.4144747380515402,0,0,-0.282103231305734,0.3357421017572487,0,220,806.2637362637363,799.0109890109891,118.0586080586081,223.2234432234432,0.028748,0.182495,0.983459,2.474823,-4.486084,-1.764526,1,2,1,1,4,100.000000,
2023-11-24 14:46:31.193,,,,,,,,,,,,,,,,,,,,,,,,,,,,,,,,,,,,,,/muse/elements/jaw_clench,
2023-11-24 14:46:31.562,0,0.2789507526013655,0.6681484940011112,0,0,0.06796612588848173,0.3722931370719328,0,0,0.3576375836823106,0.6161640460536002,0,0,0.02848368376221695,0.4067421788454675,0,0,-0.2973640785766749,0.2066372725037763,0,520.1831501831502,789.3406593406594,790.5494505494506,440.8058608058608,251.4285714285714,0.029297,0.184265,0.982544,2.721558,-4.044952,-2.026215,1,2,1,1,2,100.000000,
2023-11-24 14:46:32.516,,,,,,,,,,,,,,,,,,,,,,,,,,,,,,,,,,,,,,/muse/elements/jaw_clench,
2023-11-24 14:46:32.570,0,0.5449350801628249,0.7771986726459853,0,0,0.4532207839509765,0.5107062016591936,0,0,0.393817687383702,0.3728599071432468,0,0,0.1615208131427798,0.2486355987685192,0,0,-0.2729397374295492,0.2913181040803642,0,0,794.5787545787546,804.6520146520147,0,259.0842490842491,0.029724,0.182678,0.980408,2.504730,-4.486084,-1.772003,1,2,1,1,4,100.000000,
2023-11-24 14:46:32.773,,,,,,,,,,,,,,,,,,,,,,,,,,,,,,,,,,,,,,/muse/elements/jaw_clench,
2023-11-24 14:46:33.414,,,,,,,,,,,,,,,,,,,,,,,,,,,,,,,,,,,,,,/muse/elements/jaw_clench,
2023-11-24 14:46:33.562,0,0.436770166552271,0.7334751306981985,0,0,0.2062189921188471,0.3571416099792241,0,0,0.2252407423775479,0.622852220339999,0,0,0.1267312607235798,0.6686836277163082,0,0,-0.2296043241688111,0.4323944957009944,0,0,796.1904761904763,780.8791208791209,0,246.1904761904762,0.024231,0.180603,0.984375,2.803802,-4.134674,-4.209442,1,2,1,1,2,100.000000,
2023-11-24 14:46:34.562,0,1.249455242109839,0.9912591040595026,0,0,0.7141135530129656,0.6534769814726717,0,0,0.4656122914557489,0.622852220339999,0,0,0.3025114421488257,0.8040042747138624,0,0,-0.05233529617157012,0.3471294882356196,0,0,796.996336996337,834.4688644688645,103.5531135531136,180.5128205128205,0.030151,0.194336,0.988159,13.047028,-3.603821,-2.743988,1,4,1,1,2,100.000000,
2023-11-24 14:46:35.565,0,1.092139037066135,0.9912591040595026,0,0,0.8566318002015576,0.6534769814726717,0,0,1.001627412449475,0.622852220339999,0,0,0.3821210612472468,0.8040042747138624,0,0,-0.03337206809912887,0.3471294882356196,0,0,777.2527472527473,775.6410256410256,0,346.1172161172161,-0.008728,0.166992,0.973633,0.807495,-2.714081,-0.852356,1,4,1,1,4,100.000000,
2023-11-24 14:46:35.745,,,,,,,,,,,,,,,,,,,,,,,,,,,,,,,,,,,,,,/muse/elements/blink,
2023-11-24 14:46:36.562,0,1.171362730876239,0.9912591040595026,0,0,1.167053493402703,0.6534769814726717,0,0,1.010447246079537,0.622852220339999,0,0,0.4059724353169731,0.8040042747138624,0,0,-0.08598191828710476,0.3471294882356196,0,0,799.4139194139194,806.6666666666667,0,293.3333333333333,-0.012695,0.166443,0.985840,4.695435,-4.837494,-1.712189,1,4,1,1,2,100.000000,
2023-11-24 14:46:37.563,0,0.1852395417546432,0.2722969944447998,0,0,-0.3454831494282362,0.1956759765438827,0,0,0.02876901327160004,0.6773592552285556,0,0,0.2902350039144621,0.8002222865217407,0,0,0.02683988615219235,0.8506647090394878,0,0,768.3882783882784,745.8241758241759,66.48351648351648,584.2490842490843,-0.007446,0.170044,0.986938,1.712189,-4.874878,-2.190704,1,2,1,1,2,100.000000,
2023-11-24 14:46:38.562,0,0.6461987328753734,0.5508551558472439,0,0,-0.1884158818321651,0.3796932129451001,0,0,0.169399767928239,0.605629674189673,0,0,0.2929427271153351,0.7982540487543959,0,0,-0.1433641724469234,0.8579166486207684,0,0,792.1611721611722,775.2380952380953,0,408.974358974359,-0.007385,0.167053,0.982422,3.237457,-4.605713,-2.400055,1,2,1,1,2,100.000000,
2023-11-24 14:46:38.607,,,,,,,,,,,,,,,,,,,,,,,,,,,,,,,,,,,,,,/muse/elements/jaw_clench,
2023-11-24 14:46:39.562,0,1.115559357585517,0.5508551558472439,0,0,0.6483232790858673,0.3796932129451001,0,0,0.4463843386362966,0.605629674189673,0,0,0.1555015817741899,0.7982540487543959,0,0,-0.2536942040103791,0.8579166486207684,0,0,793.7728937728938,799.0109890109891,0,526.2271062271062,0.007629,0.165894,0.988708,2.003784,-5.158997,-1.061707,1,2,1,1,2,100.000000,
2023-11-24 14:46:40.440,,,,,,,,,,,,,,,,,,,,,,,,,,,,,,,,,,,,,,/muse/elements/jaw_clench,
2023-11-24 14:46:40.562,0,1.051005590808638,0.4212460627485838,0,0,0.6046147216642901,0.1187696981276365,0,0,0.4117800708821999,0.3455113326769235,0,0,0.07473999743349079,0.7851827070971998,0,0,-0.259799500900615,0.6521146084502593,0,0,805.8608058608058,786.5201465201466,0,174.8717948717949,0.013733,0.161987,0.986694,2.272949,-4.119720,-1.951447,1,2,1,1,2,100.000000,
2023-11-24 14:46:41.232,,,,,,,,,,,,,,,,,,,,,,,,,,,,,,,,,,,,,,/muse/elements/jaw_clench,
2023-11-24 14:46:41.569,0,0.06174099711304559,0.1784752557283626,0,0,-0.3804585078862785,0.1264003304138173,0,0,0.1385491825845674,0.5351976220259941,0,0,0.02191566043161809,0.728407836432623,0,0,-0.4337405888703734,0.487478345441471,0,116.8498168498168,794.5787545787546,809.4871794871796,209.1208791208791,716.8131868131868,0.013000,0.163025,0.986267,2.572021,-4.530945,-1.876678,1,2,1,1,2,100.000000,
2023-11-24 14:46:42.063,,,,,,,,,,,,,,,,,,,,,,,,,,,,,,,,,,,,,,/muse/elements/jaw_clench,
2023-11-24 14:46:42.256,,,,,,,,,,,,,,,,,,,,,,,,,,,,,,,,,,,,,,/muse/elements/jaw_clench,
2023-11-24 14:46:42.536,,,,,,,,,,,,,,,,,,,,,,,,,,,,,,,,,,,,,,/muse/elements/jaw_clench,
2023-11-24 14:46:42.562,0,-0.3941681861464474,0.3091165630824124,0,0,-0.3161485579211507,-0.1194793815748161,0,0,0.07043642139352067,0.419258787107568,0,0,0.06463091926254143,0.5957121823511446,0,0,-0.3451118414843629,0.1995684326099086,0,0,800.6227106227107,799.0109890109891,0,500.0366300366301,0.015869,0.163757,0.987366,2.736511,-4.127197,-1.906586,1,2,1,1,2,100.000000,
2023-11-24 14:46:42.962,,,,,,,,,,,,,,,,,,,,,,,,,,,,,,,,,,,,,,/muse/elements/jaw_clench,
2023-11-24 14:46:43.390,,,,,,,,,,,,,,,,,,,,,,,,,,,,,,,,,,,,,,/muse/elements/jaw_clench,
2023-11-24 14:46:43.561,,,,,,,,,,,,,,,,,,,,,,,,,,,,,,,,,,,,,,/muse/elements/jaw_clench,
2023-11-24 14:46:43.562,0,-0.4099627605511851,0.09897242349957867,0,0,-0.2193202575237622,-0.09425704895914327,0,0,0.05104218228161376,0.237285058606731,0,0,0.02514767715609959,0.4668233515775031,0,0,-0.2911766270725675,0.1987171075754368,0,984.3589743589744,803.8461538461539,812.3076923076924,989.5970695970697,997.2527472527473,0.016174,0.163452,0.990845,2.317810,-4.732819,-2.355194,1,2,1,1,2,100.000000,
2023-11-24 14:46:44.562,0,0.8177073887780458,0.06010182479040025,0,0,0.5787615985761524,-0.07820878121854589,0,0,0.3538575693062542,0.04428436420727372,0,0,-0.03163401068474005,0.4490074727078452,0,0,-0.2643508484896204,0.2530524970916277,0,0,799.0109890109891,807.0695970695971,0,276.4102564102564,0.011230,0.164490,0.984375,2.400055,-4.179535,-2.362671,1,2,1,1,2,100.000000,
2023-11-24 14:46:44.781,,,,,,,,,,,,,,,,,,,,,,,,,,,,,,,,,,,,,,/muse/elements/jaw_clench,
2023-11-24 14:46:45.210,,,,,,,,,,,,,,,,,,,,,,,,,,,,,,,,,,,,,,/muse/elements/jaw_clench,
2023-11-24 14:46:45.489,,,,,,,,,,,,,,,,,,,,,,,,,,,,,,,,,,,,,,/muse/elements/jaw_clench,
2023-11-24 14:46:45.562,0,0.7633321296587697,0.3740283472514022,0,0,0.5467844187400736,-0.2339828628216375,0,0,0.4032375491368194,0.2147995412577064,0,0,-0.05692955841576659,0.6717607106864466,0,0,-0.3397865655250215,0.4417014522420533,0,271.1721611721612,788.5347985347986,805.0549450549451,383.5897435897436,675.3113553113553,0.013000,0.160767,0.990295,2.489777,-4.052429,-2.123413,1,2,1,1,4,100.000000,
2023-11-24 14:46:45.724,,,,,,,,,,,,,,,,,,,,,,,,,,,,,,,,,,,,,,/muse/elements/jaw_clench,
2023-11-24 14:46:46.001,,,,,,,,,,,,,,,,,,,,,,,,,,,,,,,,,,,,,,/muse/elements/jaw_clench,
2023-11-24 14:46:46.572,0,-0.2689531555186962,0.5502086243659827,0,0,-0.1087367462655169,0.01139721409570418,0,0,0.184311255459219,0.2811191351670912,0,0,-0.16343357676894,0.53137223665327,0,0,-0.3596694151764787,0.2499466381499576,0,1017.399267399267,817.5457875457876,756.7032967032967,1049.6336996337,1153.186813186813,0.013000,0.165710,0.988037,2.579498,-4.224396,-1.764526,1,2,1,1,2,100.000000,
2023-11-24 14:46:46.943,,,,,,,,,,,,,,,,,,,,,,,,,,,,,,,,,,,,,,/muse/elements/jaw_clench,
2023-11-24 14:46:47.221,,,,,,,,,,,,,,,,,,,,,,,,,,,,,,,,,,,,,,/muse/elements/jaw_clench,
2023-11-24 14:46:47.413,,,,,,,,,,,,,,,,,,,,,,,,,,,,,,,,,,,,,,/muse/elements/jaw_clench,
2023-11-24 14:46:47.562,0,0.6101529049928823,0.8598082260982862,0,0,0.379086899363086,0.4607052530360896,0,0,0.2607317711833359,0.5679892864906974,0,0,-0.04983973122370839,0.4698109068471161,0,0,-0.2404814006581655,0.1239462253819047,0,0,824.3956043956044,810.6959706959707,0,378.3516483516484,0.009888,0.166382,0.986267,2.325287,-4.433746,-2.026215,1,2,1,1,4,100.000000,
2023-11-24 14:46:48.527,,,,,,,,,,,,,,,,,,,,,,,,,,,,,,,,,,,,,,/muse/elements/jaw_clench,
2023-11-24 14:46:48.562,0,0.6980786378669527,0.7490433072789273,0,0,0.4425241912374345,0.4712173299160943,0,0,0.3091520155061498,0.4823371913766273,0,0,0.1335066322127906,0.4761319288263299,0,0,-0.19959557718805,0.0385600647538752,0,782.893772893773,792.967032967033,794.1758241758242,843.7362637362637,1010.14652014652,0.012817,0.165344,0.986145,2.280426,-4.172058,-2.220612,1,2,1,1,4,100.000000,
2023-11-24 14:46:49.562,0,-0.2830622375572799,0.858043101731271,0,0,-0.02388075817211587,0.5105388487375088,0,0,0.1239890778386877,0.6477839331907906,0,0,-0.01993872077959476,0.8373448962182544,0,0,-0.3718473658356646,0.5399616201414543,0,443.2234432234432,797.3992673992674,810.6959706959707,536.7032967032967,732.1245421245421,0.016235,0.161255,0.986511,2.901001,-4.463654,-1.308441,1,2,1,1,2,100.000000,
2023-11-24 14:46:49.852,,,,,,,,,,,,,,,,,,,,,,,,,,,,,,,,,,,,,,/muse/elements/jaw_clench,
2023-11-24 14:46:50.561,0,0.06685464727987751,0.7833344363883784,0,0,0.09004762930868862,0.5234435712902361,0,0,0.1421454655780859,0.643066147459052,0,0,-0.08073993857152792,0.7941104455341256,0,0,-0.3255689993577398,0.6388724223108503,0,934.7985347985348,799.8168498168499,819.1575091575091,984.7619047619048,1179.78021978022,0.012024,0.161987,0.984741,2.646790,-4.059906,-2.018738,1,2,1,1,4,100.000000,
2023-11-24 14:46:51.071,,,,,,,,,,,,,,,,,,,,,,,,,,,,,,,,,,,,,,/muse/elements/jaw_clench,
2023-11-24 14:46:51.561,0,0.7683032115976549,0.9870250656262021,0,0,0.5769396048481282,0.3679556473008059,0,0,0.3204803555591706,0.2420033990245876,0,0,0.2117346076828435,0.6046902994978008,0,0,-0.3608122378680522,0.2118407728780751,0,1001.282051282051,795.3846153846154,800.6227106227107,1009.340659340659,1062.930402930403,0.012390,0.164551,0.990295,2.549591,-4.329071,-1.413116,1,2,1,1,4,100.000000,
2023-11-24 14:46:51.819,,,,,,,,,,,,,,,,,,,,,,,,,,,,,,,,,,,,,,/muse/elements/jaw_clench,
2023-11-24 14:46:52.011,,,,,,,,,,,,,,,,,,,,,,,,,,,,,,,,,,,,,,/muse/elements/jaw_clench,
2023-11-24 14:46:52.182,,,,,,,,,,,,,,,,,,,,,,,,,,,,,,,,,,,,,,/muse/elements/jaw_clench,
2023-11-24 14:46:52.562,0,0.3393243288043789,0.4925029629274926,0,0,0.04448627242253648,0.02452225454971352,0,0,0.3013683036305757,0.3707854533259988,0,0,0.01065494043193858,0.6793185581491862,0,0,-0.4164822559603463,0.4508561452408357,0,877.985347985348,802.6373626373627,799.8168498168499,936.007326007326,886.0439560439561,0.012756,0.162415,0.987122,2.347717,-3.835602,-2.018738,1,2,1,1,4,100.000000,
2023-11-24 14:46:52.800,,,,,,,,,,,,,,,,,,,,,,,,,,,,,,,,,,,,,,/muse/elements/jaw_clench,
2023-11-24 14:46:53.562,0,0.4845481709524549,0.5149640498987144,0,0,0.2278571619247443,0.5413472193849057,0,0,0.1446030944221817,0.6121228711206661,0,0,-0.1309131347869731,0.584694921734114,0,0,-0.492538153734546,0.234714507876754,0,1394.139194139194,750.2564102564103,706.3369963369963,1465.054945054945,1236.593406593407,0.015381,0.164551,0.987244,2.265472,-4.231873,-1.824341,1,2,1,1,2,100.000000,
2023-11-24 14:46:53.653,,,,,,,,,,,,,,,,,,,,,,,,,,,,,,,,,,,,,,/muse/elements/jaw_clench,
2023-11-24 14:46:53.823,,,,,,,,,,,,,,,,,,,,,,,,,,,,,,,,,,,,,,/muse/elements/jaw_clench,
2023-11-24 14:46:54.562,0,0.7740834220369618,0.9435753574695794,0,0,0.5102070639794959,0.977550894016044,0,0,-0.06383280144753521,0.5064210386089434,0,0,-0.07364203681232968,0.4423120709583074,0,0,-0.5021013171655708,0.1979650883483804,0,1110.07326007326,769.5970695970697,776.4468864468864,1176.153846153846,1295.018315018315,0.022827,0.160095,0.990417,1.921539,-4.396362,-2.190704,1,2,1,1,2,100.000000,
2023-11-24 14:46:54.952,,,,,,,,,,,,,,,,,,,,,,,,,,,,,,,,,,,,,,/muse/elements/jaw_clench,
2023-11-24 14:46:55.562,0,0.6674783787069037,0.7802577429830304,0,0,0.1447514900489991,0.6334508104036495,0,0,0.3496298397641095,0.6765996467919315,0,0,0.09488153037877578,0.6214767461428595,0,0,-0.5430621910473574,0.2662912733885575,0,1002.087912087912,799.0109890109891,805.0549450549451,1011.355311355311,1005.714285714286,0.014771,0.162354,0.988831,2.594452,-4.216919,-1.502838,1,2,1,1,4,100.000000,
2023-11-24 14:46:55.850,,,,,,,,,,,,,,,,,,,,,,,,,,,,,,,,,,,,,,/muse/elements/jaw_clench,
2023-11-24 14:46:56.566,0,1.067994303206552,0.5962452574886734,0,0,0.7931090991981241,0.3537398751064779,0,0,1.021941126683782,0.6511355401232576,0,0,0.1060588856938973,0.576028267266227,0,0,-0.4036095271024844,0.2601326352060415,0,37.87545787545788,810.6959706959707,813.5164835164835,103.5531135531136,1343.772893772894,0.010071,0.166077,0.985718,2.497253,-4.426270,-1.981354,1,2,1,1,4,100.000000,
2023-11-24 14:46:56.684,,,,,,,,,,,,,,,,,,,,,,,,,,,,,,,,,,,,,,/muse/elements/jaw_clench,
2023-11-24 14:46:57.562,0,1.102025785043427,0.3320372876540211,0,0,0.8563481233756202,-0.07751768965826573,0,0,1.021941126683782,0.3380650193147096,0,0,0.1080278093968003,0.5427354121541453,0,0,-0.338771617356761,0.2570398693134321,0,1337.728937728938,806.6666666666667,821.5750915750916,1436.446886446887,1287.362637362637,0.016113,0.167236,0.988098,2.452393,-4.501038,-1.936493,1,2,1,1,4,100.000000,
2023-11-24 14:46:58.571,0,0.3631575755962081,0.5638219824444117,0,0,-0.2407793590929885,0.07555016980423779,0,0,-0.1397240764828831,0.235111284612694,0,0,-0.01047549622344425,0.1352432118342898,0,0,-0.2611102740769043,-0.06768270095619647,0,176.4835164835165,780.4761904761905,790.952380952381,166.4102564102564,1187.435897435897,0.017456,0.159546,0.988708,2.930908,-4.074860,-1.794434,1,2,1,1,4,100.000000,
2023-11-24 14:46:59.224,,,,,,,,,,,,,,,,,,,,,,,,,,,,,,,,,,,,,,/muse/elements/jaw_clench,
2023-11-24 14:46:59.417,,,,,,,,,,,,,,,,,,,,,,,,,,,,,,,,,,,,,,/muse/elements/jaw_clench,
2023-11-24 14:46:59.562,0,0.5603204551141379,0.7445013499742363,0,0,-0.3048390103367715,-0.01440932656066023,0,0,-0.02485441225721808,0.2507602967969981,0,0,-0.03049440592060837,0.1550145683850827,0,0,-0.3431617321943949,-0.30623926816724,0,178.0952380952381,781.2820512820513,750.2564102564103,194.6153846153846,1182.197802197802,0.015320,0.161316,0.987122,2.669220,-4.314117,-1.929016,1,2,1,1,2,100.000000,
2023-11-24 14:47:00.205,,,,,,,,,,,,,,,,,,,,,,,,,,,,,,,,,,,,,,/muse/elements/jaw_clench,
2023-11-24 14:47:00.562,0,0.8153152955020897,0.8214402301768383,0,0,0.4224335516459601,-0.293041114929004,0,0,0.2667278121945057,0.174764998315585,0,0,-0.06091608406605224,0.185214442703313,0,0,-0.4443770103584893,-0.4711858763810138,0,6.043956043956044,766.7765567765568,790.1465201465202,91.86813186813187,1386.483516483516,0.016663,0.162170,0.985474,2.355194,-4.299164,-2.011261,1,2,1,1,4,100.000000,
2023-11-24 14:47:00.823,,,,,,,,,,,,,,,,,,,,,,,,,,,,,,,,,,,,,,/muse/elements/jaw_clench,
2023-11-24 14:47:01.562,0,0.8415414918219775,1.149767249770899,0,0,0.2093966904204671,0.7013116877018732,0,0,0.2819511205418597,0.8543111078355218,0,0,0.09611208900258961,0.4849452641022685,0,0,-0.399093935195278,0.3772683585465406,0,1336.923076923077,791.7582417582418,795.3846153846154,1439.267399267399,1260.3663003663,0.012634,0.164246,0.985535,2.646790,-4.052429,-2.086029,1,2,1,1,4,100.000000,
2023-11-24 14:47:01.572,,,,,,,,,,,,,,,,,,,,,,,,,,,,,,,,,,,,,,/muse/elements/jaw_clench,
2023-11-24 14:47:02.565,0,0.7490982201842367,0.9127285005068287,0,0,-0.2253171302352031,0.630721570110536,0,0,0.1268949211716824,0.6254124915841676,0,0,-0.05503926154971855,0.475295655338023,0,0,-0.5426677351516085,0.4024257647394873,0,176.8864468864469,780.8791208791209,772.014652014652,158.7545787545788,1203.150183150183,0.011719,0.161316,0.988647,2.153320,-4.433746,-2.175751,1,2,1,1,2,100.000000,
2023-11-24 14:47:03.561,0,0.7692960583665821,0.910703059738543,0,0,-0.2498251970499129,0.7242634894210103,0,0,-0.1279982791989948,0.6047655708082592,0,0,-0.0939093117620768,0.4891614564888063,0,0,-0.7711239885429153,0.4522328538005653,0,191.3919413919414,778.4615384615385,894.5054945054945,189.7802197802198,1238.205128205128,0.016235,0.165222,0.989441,2.340240,-4.889832,-2.235565,1,2,1,1,2,100.000000,
2023-11-24 14:47:04.561,0,0.7692960583665821,1.062625415027404,0,0,-0.2498251970499129,0.8873598976102107,0,0,-0.1279982791989948,0.5719830758825625,0,0,-0.0939093117620768,0.4722719547737382,0,0,-0.7711239885429153,0.4362402601549618,0,128.5347985347985,777.2527472527473,758.7179487179487,162.7838827838828,1293.406593406593,0.012207,0.161499,0.989563,2.220612,-4.119720,-2.033691,1,2,1,1,2,100.000000,
2023-11-24 14:47:05.118,,,,,,,,,,,,,,,,,,,,,,,,,,,,,,,,,,,,,,/muse/elements/jaw_clench,
2023-11-24 14:47:05.562,0,0.7692960583665821,1.062625415027404,0,0,-0.2498251970499129,0.8873598976102107,0,0,-0.1279982791989948,0.5719830758825625,0,0,-0.0939093117620768,0.4722719547737382,0,0,-0.7711239885429153,0.4362402601549618,0,148.6813186813187,805.4578754578755,823.5897435897436,114.8351648351648,1019.010989010989,0.015259,0.158264,0.986145,2.489777,-4.336548,-2.243042,1,2,1,1,2,100.000000,
2023-11-24 14:47:06.562,0,0.8768979230833641,1.062625415027404,0,0,0.1108134378227577,0.8873598976102107,0,0,0.3611924675644834,0.5719830758825625,0,0,0.0333590107191644,0.4722719547737382,0,0,-0.265685292860374,0.4362402601549618,0,161.5750915750916,822.3809523809524,811.9047619047619,159.1575091575092,1104.029304029304,0.016968,0.155701,0.982239,2.429962,-4.620667,-2.160797,1,2,1,1,2,100.000000,
2023-11-24 14:47:07.319,,,,,,,,,,,,,,,,,,,,,,,,,,,,,,,,,,,,,,/muse/elements/jaw_clench,
2023-11-24 14:47:07.567,0,0.6043372191561505,1.062625415027404,0,0,0.2099808078602562,0.8873598976102107,0,0,0.1654436048717371,0.5719830758825625,0,0,0.1018217637025768,0.4722719547737382,0,0,-0.152517963986348,0.4362402601549618,0,187.3626373626374,738.1684981684982,737.7655677655678,168.8278388278388,1195.494505494506,0.013184,0.161560,0.986328,2.527161,-3.558960,-2.153320,1,2,1,1,2,100.000000,
2023-11-24 14:47:08.022,,,,,,,,,,,,,,,,,,,,,,,,,,,,,,,,,,,,,,/muse/elements/jaw_clench,
2023-11-24 14:47:08.561,0,0.7131533652718081,1.062625415027404,0,0,0.3302823692897229,0.8873598976102107,0,0,0.005412654918876931,0.5719830758825625,0,0,0.1616635152132445,0.4722719547737382,0,0,-0.180973215256229,0.4362402601549618,0,1583.919413919414,809.4871794871796,820.3663003663004,1360.29304029304,996.0439560439561,0.011597,0.161377,0.984802,2.504730,-3.611298,-2.295380,1,2,1,1,2,100.000000,
2023-11-24 14:47:09.561,0,0.7131533652718081,1.062625415027404,0,0,0.3302823692897229,0.8873598976102107,0,0,0.005412654918876931,0.5719830758825625,0,0,0.1616635152132445,0.4722719547737382,0,0,-0.180973215256229,0.4362402601549618,0,114.029304029304,827.6190476190476,809.4871794871796,37.47252747252747,908.6080586080586,0.021240,0.157471,0.988037,2.624359,-4.396362,-1.801910,1,2,1,1,4,100.000000,
2023-11-24 14:47:10.501,,,,,,,,,,,,,,,,,,,,,,,,,,,,,,,,,,,,,,/muse/elements/jaw_clench,
2023-11-24 14:47:10.562,0,1.435562557373134,1.062625415027404,0,0,1.15491799210587,0.8873598976102107,0,0,0.9865166754014899,0.5719830758825625,0,0,0.1316595321455944,0.4722719547737382,0,0,-0.1512727458628129,0.4362402601549618,0,161.1721611721612,842.9304029304029,1196.300366300366,153.9194139194139,1108.864468864469,0.018433,0.162903,0.988770,3.095398,-3.768311,-2.714081,1,2,1,1,4,100.000000,
2023-11-24 14:47:11.187,,,,,,,,,,,,,,,,,,,,,,,,,,,,,,,,,,,,,,/muse/elements/jaw_clench,
2023-11-24 14:47:11.563,0,1.214375115869365,1.062625415027404,0,0,0.8886181147383607,0.8873598976102107,0,0,0.6347581389664,0.5719830758825625,0,0,0.04735754378316748,0.4722719547737382,0,0,-0.1848722627914683,0.4362402601549618,0,1165.274725274725,772.014652014652,712.3809523809524,928.7545787545788,595.5311355311355,0.017212,0.158386,0.987671,2.691650,-4.291687,-1.929016,1,4,1,1,2,100.000000,
2023-11-24 14:47:11.594,,,,,,,,,,,,,,,,,,,,,,,,,,,,,,,,,,,,,,/muse/elements/jaw_clench,
2023-11-24 14:47:11.787,,,,,,,,,,,,,,,,,,,,,,,,,,,,,,,,,,,,,,/muse/elements/jaw_clench,
2023-11-24 14:47:12.108,,,,,,,,,,,,,,,,,,,,,,,,,,,,,,,,,,,,,,/muse/elements/jaw_clench,
,,,,,,,,,,,,,,,,,,,,,,,,,,,,,,,,,,,,,,