TimeStamp,Delta_TP9,Delta_AF7,Delta_AF8,Delta_TP10,Theta_TP9,Theta_AF7,Theta_AF8,Theta_TP10,Alpha_TP9,Alpha_AF7,Alpha_AF8,Alpha_TP10,Beta_TP9,Beta_AF7,Beta_AF8,Beta_TP10,Gamma_TP9,Gamma_AF7,Gamma_AF8,Gamma_TP10,RAW_TP9,RAW_AF7,RAW_AF8,RAW_TP10,AUX_RIGHT,Accelerometer_X,Accelerometer_Y,Accelerometer_Z,Gyro_X,Gyro_Y,Gyro_Z,HeadBandOn,HSI_TP9,HSI_AF7,HSI_AF8,HSI_TP10,Battery,Elements,Name
2023/11/23 13:42,,,,,,,,,,,,,,,,,,,,,,,,,,,,,,,,,,,,,,/muse/event/connected Muse-D0F8,음악감상
2023/11/23 13:42,,,,,,,,,,,,,,,,,,,,,,,,,,,,,,,,,,,,,,/muse/elements/blink,
2023/11/23 13:42,,,,,,,,,,,,,,,,,,,,,,,,,,,,,,,,,,,,,,/muse/elements/blink,
2023/11/23 13:42,,,,,,,,,,,,,,,,,,,,,,,,,,,,,,,,,,,,,,/muse/elements/blink,
2023/11/23 13:42,0,1.133221649,0.534238738,1.271261105,0,0.773299578,0.630325422,1.281099226,0,0.768213647,0.145805357,0.913081114,0,0.215214733,0.607969833,1.193912844,0,-0.19688659,0.440299897,0.789402877,554.029304,693.4432234,752.2710623,698.6813187,720.8424908,0.432617,-0.170288,0.876404,13.675079,-11.3797,7.596436,1,4,1,1,2,95,,
2023/11/23 13:42,,,,,,,,,,,,,,,,,,,,,,,,,,,,,,,,,,,,,,/muse/elements/blink,
2023/11/23 13:42,0,1.133221649,0.534238738,1.271261105,0,0.773299578,0.630325422,1.281099226,0,0.768213647,0.145805357,0.913081114,0,0.215214733,0.607969833,1.193912844,0,-0.19688659,0.440299897,0.789402877,0,699.0842491,757.1062271,822.3809524,924.3223443,0.386658,-0.093628,0.918518,6.04126,-6.841278,-0.508423,1,4,1,1,2,95,,
2023/11/23 13:42,,,,,,,,,,,,,,,,,,,,,,,,,,,,,,,,,,,,,,/muse/elements/blink,
2023/11/23 13:42,0,0.66343973,1.092368546,1.271261105,0,0.216363588,0.659421609,1.281099226,0,0.544533678,0.387712956,0.913081114,0,0.25756033,0.455432003,1.193912844,0,-0.171268028,-0.359758816,0.789402877,0,691.8315018,758.3150183,837.2893773,754.6886447,0.41333,-0.060974,0.914185,4.844971,-3.267365,-0.074768,1,4,1,1,2,95,,
2023/11/23 13:42,,,,,,,,,,,,,,,,,,,,,,,,,,,,,,,,,,,,,,/muse/elements/jaw_clench,
2023/11/23 13:42,,,,,,,,,,,,,,,,,,,,,,,,,,,,,,,,,,,,,,/muse/elements/blink,
2023/11/23 13:42,,,,,,,,,,,,,,,,,,,,,,,,,,,,,,,,,,,,,,/muse/elements/blink,
2023/11/23 13:42,0,0.985183995,1.092368546,1.271261105,0,0.742276074,0.659421609,1.281099226,0,0.714041771,0.387712956,0.913081114,0,0.214677141,0.455432003,1.193912844,0,-0.0893451481,-0.359758816,0.789402877,408.1684982,713.992674,762.7472527,809.8901099,873.1501832,0.447083,-0.068237,0.931885,1.465454,-4.942169,-2.736511,1,4,1,1,2,95,,
2023/11/23 13:42,,,,,,,,,,,,,,,,,,,,,,,,,,,,,,,,,,,,,,/muse/elements/blink,
2023/11/23 13:42,,,,,,,,,,,,,,,,,,,,,,,,,,,,,,,,,,,,,,/muse/elements/blink,
2023/11/23 13:42,,,,,,,,,,,,,,,,,,,,,,,,,,,,,,,,,,,,,,/muse/elements/blink,
2023/11/23 13:42,,,,,,,,,,,,,,,,,,,,,,,,,,,,,,,,,,,,,,/muse/elements/blink,
2023/11/23 13:42,0,0.99898965,1.092368546,1.271261105,0,0.596497579,0.659421609,1.281099226,0,0.432883813,0.387712956,0.913081114,0,0.408277399,0.455432003,1.193912844,0,-0.0554037323,-0.359758816,0.789402877,374.3223443,709.5604396,786.1172161,662.4175824,726.0805861,0.509705,-0.101013,0.851807,-0.500946,1.77948,5.405731,1,4,1,1,2,85,,
2023/11/23 13:42,,,,,,,,,,,,,,,,,,,,,,,,,,,,,,,,,,,,,,/muse/elements/blink,
2023/11/23 13:42,0,1.182423774,1.400346056,1.271261105,0,0.531314313,0.748017987,1.281099226,0,0.455898654,0.625455093,0.913081114,0,0.149327698,0.280005539,1.193912844,0,-0.208755463,0.0902650796,0.789402877,6.043956044,722.0512821,796.1904762,826.8131868,732.5274725,0.553162,-0.108643,0.863342,-0.762634,-1.248627,-22.542572,1,4,1,1,2,85,,
2023/11/23 13:42,,,,,,,,,,,,,,,,,,,,,,,,,,,,,,,,,,,,,,/muse/elements/blink,
2023/11/23 13:42,,,,,,,,,,,,,,,,,,,,,,,,,,,,,,,,,,,,,,/muse/elements/blink,
2023/11/23 13:42,,,,,,,,,,,,,,,,,,,,,,,,,,,,,,,,,,,,,,/muse/elements/blink,
2023/11/23 13:42,0,1.085868563,1.040693942,1.271261105,0,0.417939866,0.525078924,1.281099226,0,0.733972902,0.541086059,0.913081114,0,0.214172672,0.266671829,1.193912844,0,-0.346786306,-0.223238942,0.789402877,0,761.9413919,753.0769231,530.6593407,749.4505495,0.444214,-0.027527,0.905212,2.041168,-3.274841,-7.312317,1,4,1,1,2,85,,
2023/11/23 13:42,,,,,,,,,,,,,,,,,,,,,,,,,,,,,,,,,,,,,,/muse/elements/blink,
2023/11/23 13:42,,,,,,,,,,,,,,,,,,,,,,,,,,,,,,,,,,,,,,/muse/elements/blink,
2023/11/23 13:42,0,0.768248137,0.922777097,1.271261105,0,0.401302792,0.643640212,1.281099226,0,0.691093166,0.318346418,0.913081114,0,0.441600104,0.324500413,1.193912844,0,-0.319684399,-0.241464491,0.789402877,1623.003663,757.1062271,840.9157509,695.4578755,740.989011,0.173462,0.01947,0.967468,4.762726,15.252686,0.994415,1,4,1,1,4,85,,
2023/11/23 13:42,,,,,,,,,,,,,,,,,,,,,,,,,,,,,,,,,,,,,,/muse/elements/blink,
2023/11/23 13:42,,,,,,,,,,,,,,,,,,,,,,,,,,,,,,,,,,,,,,/muse/elements/jaw_clench,
2023/11/23 13:42,,,,,,,,,,,,,,,,,,,,,,,,,,,,,,,,,,,,,,/muse/elements/jaw_clench,
2023/11/23 13:42,0,0.768248137,0.922777097,1.271261105,0,0.401302792,0.643640212,1.281099226,0,0.691093166,0.318346418,0.913081114,0,0.441600104,0.324500413,1.193912844,0,-0.319684399,-0.241464491,0.789402877,1614.139194,720.8424908,676.5201465,788.9377289,828.8278388,0.156128,0.052917,1.016113,-2.078552,3.798218,-7.454376,1,4,1,1,4,85,,
2023/11/23 13:42,,,,,,,,,,,,,,,,,,,,,,,,,,,,,,,,,,,,,,/muse/elements/blink,
2023/11/23 13:42,,,,,,,,,,,,,,,,,,,,,,,,,,,,,,,,,,,,,,/muse/elements/blink,
2023/11/23 13:42,0,0.768248137,0.922777097,1.271261105,0,0.401302792,0.643640212,1.281099226,0,0.691093166,0.318346418,0.913081114,0,0.441600104,0.324500413,1.193912844,0,-0.319684399,-0.241464491,0.789402877,1552.893773,707.5457875,784.1025641,906.5934066,908.2051282,0.27594,0.072449,0.956543,1.94397,-4.441223,-8.19458,1,4,1,1,4,85,,
2023/11/23 13:42,,,,,,,,,,,,,,,,,,,,,,,,,,,,,,,,,,,,,,/muse/elements/blink,
2023/11/23 13:42,,,,,,,,,,,,,,,,,,,,,,,,,,,,,,,,,,,,,,/muse/elements/blink,
2023/11/23 13:42,,,,,,,,,,,,,,,,,,,,,,,,,,,,,,,,,,,,,,/muse/elements/blink,
2023/11/23 13:42,0,0.768248137,0.922777097,1.271261105,0,0.401302792,0.643640212,1.281099226,0,0.691093166,0.318346418,0.913081114,0,0.441600104,0.324500413,1.193912844,0,-0.319684399,-0.241464491,0.789402877,568.5347985,762.3443223,745.018315,784.9084249,875.5677656,0.227356,0.077271,0.976746,-1.794434,-2.13089,-17.712555,1,4,1,1,2,85,,
2023/11/23 13:42,,,,,,,,,,,,,,,,,,,,,,,,,,,,,,,,,,,,,,/muse/elements/blink,
2023/11/23 13:42,0,0.768248137,0.922777097,1.271261105,0,0.401302792,0.643640212,1.281099226,0,0.691093166,0.318346418,0.913081114,0,0.441600104,0.324500413,1.193912844,0,-0.319684399,-0.241464491,0.789402877,41.9047619,762.7472527,808.2783883,990.4029304,734.9450549,0.184875,0.058899,0.982727,4.187012,-0.284119,-1.734619,1,4,1,1,2,85,,
2023/11/23 13:42,,,,,,,,,,,,,,,,,,,,,,,,,,,,,,,,,,,,,,/muse/elements/blink,
2023/11/23 13:42,,,,,,,,,,,,,,,,,,,,,,,,,,,,,,,,,,,,,,/muse/elements/jaw_clench,
2023/11/23 13:42,,,,,,,,,,,,,,,,,,,,,,,,,,,,,,,,,,,,,,/muse/elements/blink,
2023/11/23 13:42,,,,,,,,,,,,,,,,,,,,,,,,,,,,,,,,,,,,,,/muse/elements/blink,
2023/11/23 13:42,0,0.768248137,0.922777097,1.271261105,0,0.401302792,0.643640212,1.281099226,0,0.691093166,0.318346418,0.913081114,0,0.441600104,0.324500413,1.193912844,0,-0.319684399,-0.241464491,0.789402877,825.2014652,743.4065934,757.9120879,794.1758242,922.7106227,0.18042,0.037781,0.985596,2.220612,-8.209534,-3.386993,1,4,1,1,2,85,,
2023/11/23 13:42,,,,,,,,,,,,,,,,,,,,,,,,,,,,,,,,,,,,,,/muse/elements/blink,
2023/11/23 13:42,,,,,,,,,,,,,,,,,,,,,,,,,,,,,,,,,,,,,,/muse/elements/blink,
2023/11/23 13:42,0,0.768248137,0.922777097,1.271261105,0,0.401302792,0.643640212,1.281099226,0,0.691093166,0.318346418,0.913081114,0,0.441600104,0.324500413,1.193912844,0,-0.319684399,-0.241464491,0.789402877,0,743.8095238,785.3113553,844.9450549,807.4725275,0.224609,0.068848,0.973572,2.654266,-9.069366,-11.132965,1,4,1,1,2,85,,
2023/11/23 13:42,,,,,,,,,,,,,,,,,,,,,,,,,,,,,,,,,,,,,,/muse/elements/blink,
2023/11/23 13:42,,,,,,,,,,,,,,,,,,,,,,,,,,,,,,,,,,,,,,/muse/elements/blink,
2023/11/23 13:42,,,,,,,,,,,,,,,,,,,,,,,,,,,,,,,,,,,,,,/muse/elements/blink,
2023/11/23 13:42,0,0.768248137,0.922777097,1.271261105,0,0.401302792,0.643640212,1.281099226,0,0.691093166,0.318346418,0.913081114,0,0.441600104,0.324500413,1.193912844,0,-0.319684399,-0.241464491,0.789402877,245.3846154,742.6007326,783.2967033,823.5897436,881.2087912,0.270203,0.072021,0.963562,0.426178,-6.160889,-12.852631,1,4,1,1,2,95,,
2023/11/23 13:42,,,,,,,,,,,,,,,,,,,,,,,,,,,,,,,,,,,,,,/muse/elements/blink,
2023/11/23 13:42,,,,,,,,,,,,,,,,,,,,,,,,,,,,,,,,,,,,,,/muse/elements/blink,
2023/11/23 13:42,,,,,,,,,,,,,,,,,,,,,,,,,,,,,,,,,,,,,,/muse/elements/blink,
2023/11/23 13:42,0,0.784179553,0.922777097,1.271261105,0,0.457526881,0.643640212,1.281099226,0,0.459143782,0.318346418,0.913081114,0,0.0504587635,0.324500413,1.193912844,0,-0.16642688,-0.241464491,0.789402877,392.4542125,763.5531136,790.5494505,816.7399267,868.3150183,0.281738,0.07251,0.958069,2.983246,-1.697235,-0.254211,1,4,1,1,2,95,,
2023/11/23 13:42,,,,,,,,,,,,,,,,,,,,,,,,,,,,,,,,,,,,,,/muse/elements/blink,
2023/11/23 13:42,,,,,,,,,,,,,,,,,,,,,,,,,,,,,,,,,,,,,,/muse/elements/blink,
2023/11/23 13:42,0,0.875370415,0.922777097,1.271261105,0,0.453513596,0.643640212,1.281099226,0,0.335708746,0.318346418,0.913081114,0,-0.0725737227,0.324500413,1.193912844,0,-0.106034835,-0.241464491,0.789402877,502.0512821,738.1684982,827.2161172,543.956044,821.978022,0.209351,0.060486,0.951355,-3.259888,9.420776,-21.278992,1,4,1,1,2,95,,
2023/11/23 13:42,,,,,,,,,,,,,,,,,,,,,,,,,,,,,,,,,,,,,,/muse/elements/jaw_clench,
2023/11/23 13:42,,,,,,,,,,,,,,,,,,,,,,,,,,,,,,,,,,,,,,/muse/elements/blink,
2023/11/23 13:42,,,,,,,,,,,,,,,,,,,,,,,,,,,,,,,,,,,,,,/muse/elements/blink,
2023/11/23 13:42,0,0.875370415,0.922777097,1.271261105,0,0.453513596,0.643640212,1.281099226,0,0.335708746,0.318346418,0.913081114,0,-0.0725737227,0.324500413,1.193912844,0,-0.106034835,-0.241464491,0.789402877,83.40659341,768.7912088,754.2857143,975.0915751,811.9047619,0.147949,0.012268,0.995178,2.497253,1.061707,-3.887939,1,4,1,1,2,95,,
2023/11/23 13:42,,,,,,,,,,,,,,,,,,,,,,,,,,,,,,,,,,,,,,/muse/elements/blink,
2023/11/23 13:42,,,,,,,,,,,,,,,,,,,,,,,,,,,,,,,,,,,,,,/muse/elements/blink,
2023/11/23 13:42,,,,,,,,,,,,,,,,,,,,,,,,,,,,,,,,,,,,,,/muse/elements/blink,
2023/11/23 13:42,0,0.875370415,0.922777097,1.271261105,0,0.453513596,0.643640212,1.281099226,0,0.335708746,0.318346418,0.913081114,0,-0.0725737227,0.324500413,1.193912844,0,-0.106034835,-0.241464491,0.789402877,0,740.989011,709.5604396,1240.622711,845.3479853,0.150085,0.00061,1.036316,3.379517,-2.071075,-9.488068,1,4,1,1,2,95,,
2023/11/23 13:42,,,,,,,,,,,,,,,,,,,,,,,,,,,,,,,,,,,,,,/muse/elements/jaw_clench,
2023/11/23 13:42,,,,,,,,,,,,,,,,,,,,,,,,,,,,,,,,,,,,,,/muse/elements/blink,
2023/11/23 13:42,,,,,,,,,,,,,,,,,,,,,,,,,,,,,,,,,,,,,,/muse/elements/blink,
2023/11/23 13:42,0,0.875370415,0.922777097,1.271261105,0,0.453513596,0.643640212,1.281099226,0,0.335708746,0.318346418,0.913081114,0,-0.0725737227,0.324500413,1.193912844,0,-0.106034835,-0.241464491,0.789402877,768.3882784,626.1538462,633.003663,551.6117216,686.996337,0.238464,0.029541,0.982788,1.07666,-0.837402,-13.787231,1,4,1,1,2,95,,
2023/11/23 13:42,,,,,,,,,,,,,,,,,,,,,,,,,,,,,,,,,,,,,,/muse/elements/jaw_clench,
2023/11/23 13:42,,,,,,,,,,,,,,,,,,,,,,,,,,,,,,,,,,,,,,/muse/elements/blink,
2023/11/23 13:42,,,,,,,,,,,,,,,,,,,,,,,,,,,,,,,,,,,,,,/muse/elements/jaw_clench,
2023/11/23 13:42,,,,,,,,,,,,,,,,,,,,,,,,,,,,,,,,,,,,,,/muse/elements/blink,
2023/11/23 13:42,0,0.875370415,0.922777097,1.271261105,0,0.453513596,0.643640212,1.281099226,0,0.335708746,0.318346418,0.913081114,0,-0.0725737227,0.324500413,1.193912844,0,-0.106034835,-0.241464491,0.789402877,611.6483516,724.4688645,836.0805861,896.1172161,809.4871795,0.24469,0.068054,1.014587,24.494019,-5.921631,42.266388,1,4,1,1,2,95,,
2023/11/23 13:42,,,,,,,,,,,,,,,,,,,,,,,,,,,,,,,,,,,,,,/muse/elements/blink,
2023/11/23 13:42,,,,,,,,,,,,,,,,,,,,,,,,,,,,,,,,,,,,,,/muse/elements/jaw_clench,
2023/11/23 13:42,,,,,,,,,,,,,,,,,,,,,,,,,,,,,,,,,,,,,,/muse/elements/jaw_clench,
2023/11/23 13:42,0,0.875370415,0.922777097,1.271261105,0,0.453513596,0.643640212,1.281099226,0,0.335708746,0.318346418,0.913081114,0,-0.0725737227,0.324500413,1.193912844,0,-0.106034835,-0.241464491,0.789402877,1284.542125,701.5018315,719.6336996,644.2857143,795.3846154,0.285278,0.087036,0.940796,0.986938,-0.553284,-6.011353,1,4,1,1,2,95,,
2023/11/23 13:42,,,,,,,,,,,,,,,,,,,,,,,,,,,,,,,,,,,,,,/muse/elements/blink,
2023/11/23 13:42,0,0.875370415,0.922777097,1.271261105,0,0.453513596,0.643640212,1.281099226,0,0.335708746,0.318346418,0.913081114,0,-0.0725737227,0.324500413,1.193912844,0,-0.106034835,-0.241464491,0.789402877,269.5604396,759.1208791,690.2197802,544.7619048,785.3113553,0.281128,0.066162,0.952454,0.291595,-4.194489,-7.028198,1,4,1,1,2,95,,
2023/11/23 13:42,,,,,,,,,,,,,,,,,,,,,,,,,,,,,,,,,,,,,,/muse/elements/blink,
2023/11/23 13:42,,,,,,,,,,,,,,,,,,,,,,,,,,,,,,,,,,,,,,/muse/elements/jaw_clench,
2023/11/23 13:42,,,,,,,,,,,,,,,,,,,,,,,,,,,,,,,,,,,,,,/muse/elements/jaw_clench,
2023/11/23 13:42,,,,,,,,,,,,,,,,,,,,,,,,,,,,,,,,,,,,,,/muse/elements/blink,
2023/11/23 13:42,,,,,,,,,,,,,,,,,,,,,,,,,,,,,,,,,,,,,,/muse/elements/jaw_clench,
2023/11/23 13:42,,,,,,,,,,,,,,,,,,,,,,,,,,,,,,,,,,,,,,/muse/elements/blink,
2023/11/23 13:42,0,0.875370415,0.922777097,1.271261105,0,0.453513596,0.643640212,1.281099226,0,0.335708746,0.318346418,0.913081114,0,-0.0725737227,0.324500413,1.193912844,0,-0.106034835,-0.241464491,0.789402877,969.047619,774.4322344,784.1025641,658.7912088,861.4652015,0.286804,0.026001,0.933533,-10.8638,-1.315918,-62.51358,1,4,1,1,2,95,,
2023/11/23 13:42,,,,,,,,,,,,,,,,,,,,,,,,,,,,,,,,,,,,,,/muse/elements/jaw_clench,
2023/11/23 13:42,,,,,,,,,,,,,,,,,,,,,,,,,,,,,,,,,,,,,,/muse/elements/blink,
2023/11/23 13:43,0,0.875370415,0.922777097,1.271261105,0,0.453513596,0.643640212,1.281099226,0,0.335708746,0.318346418,0.913081114,0,-0.0725737227,0.324500413,1.193912844,0,-0.106034835,-0.241464491,0.789402877,799.010989,729.7069597,753.4798535,581.4285714,779.6703297,0.239014,0.060059,0.978638,4.329071,-7.760925,3.476715,1,4,1,1,2,95,,
2023/11/23 13:43,,,,,,,,,,,,,,,,,,,,,,,,,,,,,,,,,,,,,,/muse/elements/blink,
2023/11/23 13:43,,,,,,,,,,,,,,,,,,,,,,,,,,,,,,,,,,,,,,/muse/elements/blink,
2023/11/23 13:43,,,,,,,,,,,,,,,,,,,,,,,,,,,,,,,,,,,,,,/muse/elements/blink,
2023/11/23 13:43,0,0.875370415,0.922777097,1.271261105,0,0.453513596,0.643640212,1.281099226,0,0.335708746,0.318346418,0.913081114,0,-0.0725737227,0.324500413,1.193912844,0,-0.106034835,-0.241464491,0.789402877,604.7985348,758.7179487,785.3113553,741.7948718,783.6996337,0.246704,0.067017,0.971497,2.355194,-3.095398,-2.29538,1,4,1,1,2,100,,
2023/11/23 13:43,,,,,,,,,,,,,,,,,,,,,,,,,,,,,,,,,,,,,,/muse/elements/blink,
2023/11/23 13:43,,,,,,,,,,,,,,,,,,,,,,,,,,,,,,,,,,,,,,/muse/elements/blink,
2023/11/23 13:43,0,0.875370415,0.922777097,1.271261105,0,0.453513596,0.643640212,1.281099226,0,0.335708746,0.318346418,0.913081114,0,-0.0725737227,0.324500413,1.193912844,0,-0.106034835,-0.241464491,0.789402877,1249.084249,776.4468864,761.1355311,767.1794872,779.6703297,0.266541,0.084778,0.969666,2.444916,-1.158905,-1.816864,1,4,1,1,2,100,,
2023/11/23 13:43,,,,,,,,,,,,,,,,,,,,,,,,,,,,,,,,,,,,,,/muse/elements/blink,
2023/11/23 13:43,,,,,,,,,,,,,,,,,,,,,,,,,,,,,,,,,,,,,,/muse/elements/blink,
2023/11/23 13:43,,,,,,,,,,,,,,,,,,,,,,,,,,,,,,,,,,,,,,/muse/elements/jaw_clench,
2023/11/23 13:43,,,,,,,,,,,,,,,,,,,,,,,,,,,,,,,,,,,,,,/muse/elements/blink,
2023/11/23 13:43,0,0.875370415,0.922777097,1.271261105,0,0.453513596,0.643640212,1.281099226,0,0.335708746,0.318346418,0.913081114,0,-0.0725737227,0.324500413,1.193912844,0,-0.106034835,-0.241464491,0.789402877,1001.282051,820.3663004,780.4761905,894.9084249,736.1538462,0.226013,0.054199,0.976624,3.977661,-3.095398,1.749573,1,4,1,1,2,100,,
2023/11/23 13:43,,,,,,,,,,,,,,,,,,,,,,,,,,,,,,,,,,,,,,/muse/elements/blink,
2023/11/23 13:43,,,,,,,,,,,,,,,,,,,,,,,,,,,,,,,,,,,,,,/muse/elements/jaw_clench,
2023/11/23 13:43,,,,,,,,,,,,,,,,,,,,,,,,,,,,,,,,,,,,,,/muse/elements/blink,
2023/11/23 13:43,0,0.875370415,0.922777097,1.271261105,0,0.453513596,0.643640212,1.281099226,0,0.335708746,0.318346418,0.913081114,0,-0.0725737227,0.324500413,1.193912844,0,-0.106034835,-0.241464491,0.789402877,93.07692308,831.6483516,873.1501832,0,692.6373626,0.236694,0.093933,0.961243,4.000092,-5.099182,-1.510315,1,4,1,1,2,100,,
2023/11/23 13:43,,,,,,,,,,,,,,,,,,,,,,,,,,,,,,,,,,,,,,/muse/elements/jaw_clench,
2023/11/23 13:43,,,,,,,,,,,,,,,,,,,,,,,,,,,,,,,,,,,,,,/muse/elements/blink,
2023/11/23 13:43,,,,,,,,,,,,,,,,,,,,,,,,,,,,,,,,,,,,,,/muse/elements/jaw_clench,
2023/11/23 13:43,,,,,,,,,,,,,,,,,,,,,,,,,,,,,,,,,,,,,,/muse/elements/jaw_clench,
2023/11/23 13:43,,,,,,,,,,,,,,,,,,,,,,,,,,,,,,,,,,,,,,/muse/elements/blink,
2023/11/23 13:43,,,,,,,,,,,,,,,,,,,,,,,,,,,,,,,,,,,,,,/muse/elements/blink,
2023/11/23 13:43,,,,,,,,,,,,,,,,,,,,,,,,,,,,,,,,,,,,,,/muse/elements/jaw_clench,
2023/11/23 13:43,0,0.875370415,0.922777097,1.271261105,0,0.453513596,0.643640212,1.281099226,0,0.335708746,0.318346418,0.913081114,0,-0.0725737227,0.324500413,1.193912844,0,-0.106034835,-0.241464491,0.789402877,0,772.4175824,945.6776557,1267.619048,800.2197802,0.302246,0.111389,0.922729,-7.738495,-6.011353,-48.083344,1,4,1,1,4,100,,
2023/11/23 13:43,,,,,,,,,,,,,,,,,,,,,,,,,,,,,,,,,,,,,,/muse/elements/blink,
2023/11/23 13:43,,,,,,,,,,,,,,,,,,,,,,,,,,,,,,,,,,,,,,/muse/elements/blink,
2023/11/23 13:43,,,,,,,,,,,,,,,,,,,,,,,,,,,,,,,,,,,,,,/muse/elements/blink,
2023/11/23 13:43,0,0.875370415,0.922777097,1.271261105,0,0.453513596,0.643640212,1.281099226,0,0.335708746,0.318346418,0.913081114,0,-0.0725737227,0.324500413,1.193912844,0,-0.106034835,-0.241464491,0.789402877,1186.630037,763.956044,760.3296703,509.3040293,765.1648352,0.253845,0.115051,0.958069,2.243042,-6.699219,1.24115,1,4,1,4,4,100,,
2023/11/23 13:43,,,,,,,,,,,,,,,,,,,,,,,,,,,,,,,,,,,,,,/muse/elements/blink,
2023/11/23 13:43,,,,,,,,,,,,,,,,,,,,,,,,,,,,,,,,,,,,,,/muse/elements/blink,
2023/11/23 13:43,,,,,,,,,,,,,,,,,,,,,,,,,,,,,,,,,,,,,,/muse/elements/blink,
2023/11/23 13:43,,,,,,,,,,,,,,,,,,,,,,,,,,,,,,,,,,,,,,/muse/elements/blink,
2023/11/23 13:43,0,1.055281053,0.922777097,1.271261105,0,0.847797857,0.643640212,1.281099226,0,0.834561529,0.318346418,0.913081114,0,0.508434914,0.324500413,1.193912844,0,0.0952274122,-0.241464491,0.789402877,0,738.1684982,823.992674,531.4652015,700.2930403,0.26239,0.100403,0.966614,2.048645,-2.115936,-1.256104,1,4,1,1,2,100,,
2023/11/23 13:43,,,,,,,,,,,,,,,,,,,,,,,,,,,,,,,,,,,,,,/muse/elements/blink,
2023/11/23 13:43,,,,,,,,,,,,,,,,,,,,,,,,,,,,,,,,,,,,,,/muse/elements/blink,
2023/11/23 13:43,0,1.21081003,0.922777097,1.271261105,0,0.953911261,0.643640212,1.281099226,0,0.846077123,0.318346418,0.913081114,0,0.420251051,0.324500413,1.193912844,0,0.0702584572,-0.241464491,0.789402877,91.46520147,794.5787546,767.985348,725.6776557,791.7582418,0.243408,0.1073,0.963928,3.603821,-4.052429,-2.220612,1,4,1,1,2,100,,
2023/11/23 13:43,0,1.004217573,0.922777097,1.271261105,0,0.646100868,0.643640212,1.281099226,0,0.632811555,0.318346418,0.913081114,0,0.191595372,0.324500413,1.193912844,0,0.0433763617,-0.241464491,0.789402877,1515.421245,771.6117216,792.967033,678.5347985,739.3772894,0.268433,0.109253,0.949768,2.243042,-4.149628,-2.796326,1,4,1,1,2,100,,
2023/11/23 13:43,,,,,,,,,,,,,,,,,,,,,,,,,,,,,,,,,,,,,,/muse/elements/blink,
2023/11/23 13:43,0,1.034161538,0.922777097,1.271261105,0,0.672790826,0.643640212,1.281099226,0,0.714803179,0.318346418,0.913081114,0,0.206004879,0.324500413,1.193912844,0,-0.182581628,-0.241464491,0.789402877,184.9450549,787.7289377,792.967033,664.8351648,694.2490842,0.260559,0.109558,0.966248,2.31781,-2.362671,-2.975769,1,4,1,1,2,100,,
2023/11/23 13:43,0,1.01324125,0.703543676,1.271261105,0,0.705643735,0.475710631,1.281099226,0,0.616690851,0.264342513,0.913081114,0,0.0894767394,0.48659592,1.193912844,0,-0.269678113,0.111095994,0.789402877,140.2197802,767.1794872,779.6703297,724.0659341,765.5677656,0.248413,0.112366,0.95575,2.594452,-3.940277,-2.272949,1,4,1,1,2,90,,
2023/11/23 13:43,,,,,,,,,,,,,,,,,,,,,,,,,,,,,,,,,,,,,,/muse/elements/blink,
2023/11/23 13:43,0,1.113920315,1.247515198,1.271261105,0,0.7593816,1.072083526,1.281099226,0,0.667131296,0.83292175,0.913081114,0,0.26470383,0.455579487,1.193912844,0,-0.29511304,0.21990393,0.789402877,84.61538462,785.7142857,798.2051282,738.5714286,730.1098901,0.251587,0.108948,0.955627,2.347717,-4.201965,-2.198181,1,4,1,1,2,90,,
2023/11/23 13:43,0,0.953360184,1.08965993,1.271261105,0,0.519947128,0.930515671,1.281099226,0,0.792130341,0.883509568,0.913081114,0,0.357413395,0.461806985,1.193912844,0,-0.340274382,0.111731224,0.789402877,1506.556777,772.4175824,774.8351648,736.959707,751.8681319,0.242859,0.122009,0.966064,2.093506,-3.880463,-2.093506,1,4,1,1,2,90,,
2023/11/23 13:43,,,,,,,,,,,,,,,,,,,,,,,,,,,,,,,,,,,,,,/muse/elements/blink,
2023/11/23 13:43,0,0.853408888,0.865682276,1.271261105,0,0.420137932,0.744835556,1.281099226,0,0.667779689,0.668286186,0.913081114,0,0.0959177505,0.456766039,1.193912844,0,-0.331734861,0.0593520299,0.789402877,181.3186813,784.5054945,775.6410256,695.4578755,813.5164835,0.248901,0.116699,0.962219,2.729034,-3.783264,-1.75705,1,4,1,1,2,90,,
2023/11/23 13:43,,,,,,,,,,,,,,,,,,,,,,,,,,,,,,,,,,,,,,/muse/elements/blink,
2023/11/23 13:43,0,0.680117899,0.908974162,1.271261105,0,0.467041601,0.550072922,1.281099226,0,0.55586901,0.855791414,0.913081114,0,0.140119894,0.443284079,1.193912844,0,-0.227723358,0.136689744,0.789402877,128.9377289,784.5054945,781.2820513,720.03663,759.1208791,0.254333,0.119629,0.961792,2.011261,-3.491669,-2.579498,1,4,1,1,2,90,,
2023/11/23 13:43,0,0.54347507,0.878736468,1.271261105,0,0.591492234,0.56153814,1.281099226,0,0.482986732,0.871071302,0.913081114,0,0.111224196,0.530937476,1.193912844,0,-0.280152681,0.187068544,0.789402877,168.8278388,784.1025641,796.5934066,726.0805861,720.4395604,0.258667,0.126038,0.960144,2.975769,-3.858032,-2.235565,1,4,1,1,2,90,,
2023/11/23 13:43,0,0.510532526,0.128332387,1.024029573,0,0.457816825,0.316726916,0.720180244,0,0.516940137,0.454324152,1.258097208,0,0.017454468,0.535519795,0.920254294,0,-0.346548265,0.375046308,0.84633596,207.9120879,792.1611722,761.1355311,697.8754579,732.9304029,0.256836,0.121948,0.963501,2.145844,-3.955231,-1.577606,1,4,1,1,1,90,,
2023/11/23 13:43,,,,,,,,,,,,,,,,,,,,,,,,,,,,,,,,,,,,,,/muse/elements/blink,
2023/11/23 13:43,0,0.54058121,0.451423619,1.442947701,0,0.487861891,0.176314738,0.945295915,0,0.528579175,0.52809382,1.158976311,0,-0.0183392184,0.415438593,1.088940236,0,-0.210321707,0.312784075,0.927750907,149.0842491,786.9230769,772.014652,750.6593407,745.018315,0.262268,0.126038,0.965576,2.773895,-3.551483,-1.315918,1,4,1,1,1,90,,
2023/11/23 13:43,0,0.724166876,0.782126856,1.547225695,0,0.578734128,0.393548238,0.98551045,0,0.578342298,0.607620895,1.151846474,0,0.0453684471,0.341279808,1.165731359,0,-0.209329075,0.19997147,0.960240708,122.8937729,785.3113553,779.2673993,701.5018315,674.9084249,0.256592,0.127625,0.960754,2.639313,-4.022522,-2.542114,1,4,1,1,1,90,,
2023/11/23 13:43,0,0.682233166,0.417610123,1.547225695,0,0.343607614,0.193362526,0.98551045,0,0.499853555,0.361725657,1.151846474,0,0.0884636935,0.359614897,1.165731359,0,-0.0831617947,-0.108948958,0.960240708,215.1648352,763.956044,805.4578755,635.018315,733.7362637,0.249268,0.124329,0.958191,2.407532,-3.678589,-2.183228,1,4,1,1,1,90,,
2023/11/23 13:43,,,,,,,,,,,,,,,,,,,,,,,,,,,,,,,,,,,,,,/muse/elements/blink,
2023/11/23 13:43,0,1.142373727,0.670498131,1.547225695,0,0.901695764,0.673713758,0.98551045,0,0.931366427,0.538014281,1.151846474,0,0.291030228,0.479422887,1.165731359,0,-0.130150697,0.18690359,0.960240708,163.992674,776.8498168,790.1465201,702.3076923,755.0915751,0.249634,0.123047,0.960571,1.958923,-4.4487,-2.385101,1,4,1,1,2,95,,
2023/11/23 13:43,,,,,,,,,,,,,,,,,,,,,,,,,,,,,,,,,,,,,,/muse/elements/blink,
2023/11/23 13:43,0,1.095740863,0.637350228,1.547225695,0,0.752858553,0.533210047,0.98551045,0,0.859109055,0.466594547,1.151846474,0,0.239325689,0.295705326,1.165731359,0,-0.336236194,0.00113393668,0.960240708,121.6849817,802.2344322,777.6556777,765.970696,703.9194139,0.246094,0.129395,0.960876,2.400055,-4.09729,-2.332764,1,4,1,1,2,95,,
2023/11/23 13:43,,,,,,,,,,,,,,,,,,,,,,,,,,,,,,,,,,,,,,/muse/elements/blink,
2023/11/23 13:43,,,,,,,,,,,,,,,,,,,,,,,,,,,,,,,,,,,,,,/muse/elements/blink,
2023/11/23 13:43,0,1.353244177,0.685514633,1.547225695,0,1.153957708,0.527902889,0.98551045,0,0.542105935,0.382041151,1.151846474,0,0.234112314,0.237602357,1.165731359,0,-0.292263975,0.023908836,0.960240708,1023.846154,874.7619048,792.967033,1481.978022,1099.194139,0.261475,0.101379,0.927734,-16.149902,-1.629944,-44.247742,1,4,1,1,2,95,,
2023/11/23 13:43,,,,,,,,,,,,,,,,,,,,,,,,,,,,,,,,,,,,,,/muse/elements/jaw_clench,
2023/11/23 13:43,,,,,,,,,,,,,,,,,,,,,,,,,,,,,,,,,,,,,,/muse/elements/blink,
2023/11/23 13:43,,,,,,,,,,,,,,,,,,,,,,,,,,,,,,,,,,,,,,/muse/elements/blink,
2023/11/23 13:43,0,1.508468347,0.685514633,1.547225695,0,1.366973134,0.527902889,0.98551045,0,0.542105935,0.382041151,1.151846474,0,0.297745089,0.237602357,1.165731359,0,-0.275898792,0.023908836,0.960240708,0,766.3736264,782.4908425,485.5311355,667.6556777,0.260681,0.060913,0.967346,4.059906,1.173859,-11.267548,1,4,1,1,2,95,,
2023/11/23 13:43,,,,,,,,,,,,,,,,,,,,,,,,,,,,,,,,,,,,,,/muse/elements/blink,
2023/11/23 13:43,,,,,,,,,,,,,,,,,,,,,,,,,,,,,,,,,,,,,,/muse/elements/blink,
2023/11/23 13:43,0,0.753582277,0.718164441,1.547225695,0,0.554677196,0.139387964,0.98551045,0,0.236566039,0.376073301,1.151846474,0,0.0197350423,0.116448603,1.165731359,0,-0.335056784,-0.14906054,0.960240708,160.3663004,792.5641026,784.5054945,735.7509158,770.8058608,0.243774,0.063904,0.960083,2.758942,-4.740295,-0.70282,1,4,1,1,2,95,,
2023/11/23 13:43,,,,,,,,,,,,,,,,,,,,,,,,,,,,,,,,,,,,,,/muse/elements/blink,
2023/11/23 13:43,,,,,,,,,,,,,,,,,,,,,,,,,,,,,,,,,,,,,,/muse/elements/jaw_clench,
2023/11/23 13:43,0,0.588766598,0.545520968,1.547225695,0,0.198766289,-0.0102874943,0.98551045,0,0.166148925,0.205120388,1.151846474,0,0.0895796415,0.0873288687,1.165731359,0,-0.237182318,-0.28158633,0.960240708,70.91575092,853.003663,775.6410256,1298.644689,729.7069597,0.250977,0.071411,0.968262,1.689758,-1.9664,-2.736511,1,4,1,1,2,95,,
2023/11/23 13:43,,,,,,,,,,,,,,,,,,,,,,,,,,,,,,,,,,,,,,/muse/elements/blink,
2023/11/23 13:43,,,,,,,,,,,,,,,,,,,,,,,,,,,,,,,,,,,,,,/muse/elements/blink,
2023/11/23 13:43,0,0.2529735,0.578863987,1.547225695,0,0.18273863,0.350806783,0.98551045,0,0.0587566497,0.00818052097,1.151846474,0,0.0918657367,0.144865926,1.165731359,0,-0.0989056275,-0.394019388,0.960240708,143.4432234,775.2380952,766.3736264,416.2271062,668.0586081,0.194641,0.133789,0.981873,8.575897,3.200073,17.234039,1,4,1,1,2,95,,
2023/11/23 13:43,,,,,,,,,,,,,,,,,,,,,,,,,,,,,,,,,,,,,,/muse/elements/blink,
2023/11/23 13:43,,,,,,,,,,,,,,,,,,,,,,,,,,,,,,,,,,,,,,/muse/elements/blink,
2023/11/23 13:43,,,,,,,,,,,,,,,,,,,,,,,,,,,,,,,,,,,,,,/muse/elements/blink,
2023/11/23 13:43,0,0.852120396,0.578863987,1.547225695,0,0.998791241,0.350806783,0.98551045,0,0.735028736,0.00818052097,1.151846474,0,0.32352181,0.144865926,1.165731359,0,-0.374340829,-0.394019388,0.960240708,212.7472527,779.2673993,754.6886447,685.7875458,716.007326,0.263855,0.128479,0.941833,2.474823,1.869202,-3.357086,1,4,1,1,2,95,,
2023/11/23 13:43,,,,,,,,,,,,,,,,,,,,,,,,,,,,,,,,,,,,,,/muse/elements/blink,
2023/11/23 13:43,0,0.819158036,1.02843678,1.547225695,0,0.742751961,0.896698702,0.98551045,0,0.735028736,0.784215341,1.151846474,0,0.262721776,0.535893939,1.165731359,0,-0.480704247,0.304698367,0.960240708,1646.776557,756.3003663,835.6776557,576.996337,822.3809524,0.24054,0.134583,0.957031,2.347717,-4.209442,-3.693542,1,4,1,1,2,95,,
2023/11/23 13:43,,,,,,,,,,,,,,,,,,,,,,,,,,,,,,,,,,,,,,/muse/elements/blink,
2023/11/23 13:43,0,0.960898033,0.715452412,1.547225695,0,0.710176106,0.663608505,0.98551045,0,0.595980918,0.756403669,1.151846474,0,0.098795514,0.465532926,1.165731359,0,-0.348877367,0.286931755,0.960240708,50.36630037,808.6813187,773.6263736,687.3992674,755.4945055,0.246277,0.140015,0.961487,2.908478,-3.835602,-0.770111,1,4,1,1,2,95,,
2023/11/23 13:43,,,,,,,,,,,,,,,,,,,,,,,,,,,,,,,,,,,,,,/muse/elements/blink,
2023/11/23 13:43,0,0.806533912,1.040649536,1.547225695,0,0.69529157,0.560003129,0.98551045,0,0.571143552,0.594717931,1.151846474,0,0.0202215623,0.346997852,1.165731359,0,-0.242329944,0.181138245,0.960240708,149.0842491,795.7875458,778.8644689,715.6043956,740.1831502,0.245728,0.130371,0.956421,3.544006,-4.104767,1.07666,1,4,1,1,2,95,,
2023/11/23 13:43,,,,,,,,,,,,,,,,,,,,,,,,,,,,,,,,,,,,,,/muse/elements/blink,
2023/11/23 13:43,0,0.669226303,1.003335157,1.547225695,0,0.560086822,0.667199944,0.98551045,0,0.396262731,0.43194046,1.151846474,0,0.175517371,0.406935481,1.165731359,0,-0.189753862,0.18890373,0.960240708,1468.278388,759.9267399,813.5164835,749.4505495,817.1428571,0.241028,0.139648,0.960083,2.654266,-3.446808,-1.77948,1,4,1,1,2,85,,
2023/11/23 13:43,,,,,,,,,,,,,,,,,,,,,,,,,,,,,,,,,,,,,,/muse/elements/blink,
2023/11/23 13:43,0,0.775685402,0.952921324,1.547225695,0,0.189132855,0.535583858,0.98551045,0,0.206367544,0.132175164,1.151846474,0,0.150321653,0.422265017,1.165731359,0,-0.0465455312,0.25495657,0.960240708,1641.538462,799.010989,771.6117216,855.4212454,705.9340659,0.24115,0.140503,0.957703,3.192596,-4.089813,1.420593,1,4,1,1,2,85,,
2023/11/23 13:43,0,1.13742124,0.783324139,1.547225695,0,0.619399825,0.693388166,0.98551045,0,0.797306618,0.735199165,1.151846474,0,0.227666437,0.768049246,1.165731359,0,-0.224927515,-0.0928679218,0.960240708,58.02197802,794.981685,788.5347985,748.6446886,751.8681319,0.234009,0.141785,0.956055,2.497253,-4.785156,-1.390686,1,4,1,1,2,85,,
2023/11/23 13:43,0,1.006339986,0.533820371,0.856276737,0,0.657481047,0.240462288,0.56435617,0,0.659543499,0.711573682,0.934108443,0,0.14621711,0.263433994,0.838375437,0,-0.359258805,0.23609697,0.86000773,1055.274725,742.1978022,832.0512821,608.8278388,847.3626374,0.241272,0.145325,0.957642,2.796326,-4.575806,-3.02063,1,4,1,1,1,85,,
2023/11/23 13:43,,,,,,,,,,,,,,,,,,,,,,,,,,,,,,,,,,,,,,/muse/elements/blink,
2023/11/23 13:43,0,1.2514845,0.637423885,0.84842124,0,0.820737181,0.182622385,0.630785938,0,0.621219325,0.430851207,0.874849576,0,0.154228101,0.21678942,0.808305101,0,-0.277036299,0.0260790038,0.88380994,1545.238095,781.2820513,767.985348,718.021978,705.1282051,0.237915,0.146851,0.968262,2.220612,-3.902893,-1.854248,1,4,1,1,1,85,,
2023/11/23 13:43,0,1.124057146,0.816061628,0.828916651,0,0.607166504,0.674562266,0.678264878,0,0.54551092,0.699607534,0.838213002,0,0.105526314,0.367582538,0.777416952,0,-0.238551841,0.0159088311,0.884101424,595.1282051,792.967033,782.0879121,779.6703297,828.4249084,0.227722,0.140503,0.963379,1.398163,-4.598236,-3.125305,1,4,1,1,1,85,,
2023/11/23 13:43,,,,,,,,,,,,,,,,,,,,,,,,,,,,,,,,,,,,,,/muse/elements/blink,
2023/11/23 13:43,0,0.809441728,0.863176833,0.828916651,0,0.389348539,0.676797092,0.678264878,0,0.574582692,0.699607534,0.838213002,0,0.0991555078,0.340244966,0.777416952,0,-0.238886977,-0.0490244907,0.884101424,870.3296703,797.8021978,728.0952381,747.032967,778.4615385,0.231812,0.14386,0.96344,2.287903,-4.000092,-2.631836,1,4,1,1,2,85,,
2023/11/23 13:43,0,0.834494955,0.910067795,0.828916651,0,0.656315062,0.549584556,0.678264878,0,0.682298945,0.689985004,0.838213002,0,0.070999657,0.17760674,0.777416952,0,-0.24022488,-0.0480639951,0.884101424,1326.446886,787.3260073,776.043956,750.2564103,817.1428571,0.239624,0.145081,0.9552,2.848663,-4.231873,-1.674805,1,4,1,1,2,85,,
2023/11/23 13:43,0,0.693926419,0.875395231,0.828916651,0,0.369825036,0.266071846,0.678264878,0,0.548305964,0.567269666,0.838213002,0,0.186874893,0.548081189,0.777416952,0,-0.198797874,0.222073566,0.884101424,1615.347985,796.5934066,777.6556777,841.3186813,770,0.237,0.141785,0.963013,2.257996,-4.127197,-1.465454,1,4,1,1,2,85,,
2023/11/23 13:43,,,,,,,,,,,,,,,,,,,,,,,,,,,,,,,,,,,,,,/muse/elements/blink,
2023/11/23 13:43,0,0.844034473,0.940416671,0.828916651,0,0.522342663,0.397627055,0.678264878,0,0.488707092,0.556299443,0.838213002,0,0.170611669,0.485447754,0.777416952,0,-0.146299936,0.131918932,0.884101424,654.7619048,851.7948718,711.1721612,733.7362637,981.1355311,0.23291,0.146362,0.964783,2.115936,-4.000092,-2.160797,1,4,1,1,2,85,,
2023/11/23 13:43,,,,,,,,,,,,,,,,,,,,,,,,,,,,,,,,,,,,,,/muse/elements/blink,
2023/11/23 13:43,0,0.730622956,0.892955243,0.828916651,0,0.655145634,0.425482168,0.678264878,0,0.411047146,0.399757632,0.838213002,0,0.19894057,0.449879228,0.777416952,0,-0.151652617,-0.00606631359,0.884101424,1059.304029,759.9267399,823.5897436,886.043956,770,0.232727,0.138977,0.962097,2.616882,-3.828125,-2.729034,1,4,1,1,2,85,,
2023/11/23 13:43,,,,,,,,,,,,,,,,,,,,,,,,,,,,,,,,,,,,,,/muse/elements/blink,
2023/11/23 13:43,0,0.496523917,0.892955243,0.828916651,0,0.69700936,0.425482168,0.678264878,0,0.354327044,0.399757632,0.838213002,0,0.166731032,0.449879228,0.777416952,0,-0.306460482,-0.00606631359,0.884101424,510.1098901,775.6410256,808.2783883,828.8278388,809.8901099,0.236267,0.136414,0.960815,2.85614,-4.545898,-2.34024,1,4,1,1,2,85,,
2023/11/23 13:43,0,1.160129584,0.892955243,0.828916651,0,0.229750552,0.425482168,0.678264878,0,0.540616815,0.399757632,0.838213002,0,0.356818801,0.449879228,0.777416952,0,-0.457347293,-0.00606631359,0.884101424,593.9194139,780.0732601,782.0879121,782.8937729,808.6813187,0.243164,0.144531,0.960327,2.50473,-3.439331,-2.534637,1,4,1,1,2,85,,
2023/11/23 13:43,,,,,,,,,,,,,,,,,,,,,,,,,,,,,,,,,,,,,,/muse/elements/blink,
2023/11/23 13:43,0,0.906600915,0.536713624,0.249729355,0,0.218418158,0.32368248,0.631693823,0,0.564472548,0.661741393,0.979132504,0,0.263446779,0.382703022,0.942596261,0,-0.369259652,-0.184834443,0.810640073,893.2967033,794.5787546,786.1172161,792.967033,771.6117216,0.241821,0.14447,0.956787,2.026215,-4.336548,-2.579498,1,4,1,1,1,85,,
2023/11/23 13:43,0,0.72506415,0.931785353,0.249729355,0,0.401941047,0.758657617,0.631693823,0,0.549171152,0.877983819,0.979132504,0,0.203791499,0.393985592,0.942596261,0,-0.273551622,-0.162422628,0.810640073,458.5347985,794.1758242,773.2234432,842.1245421,847.7655678,0.234741,0.135925,0.965576,2.018738,-4.037476,-2.429962,1,4,1,1,1,85,,
2023/11/23 13:43,,,,,,,,,,,,,,,,,,,,,,,,,,,,,,,,,,,,,,/muse/elements/blink,
2023/11/23 13:43,0,1.034616106,0.945820533,0.249729355,0,0.439522419,0.767374324,0.631693823,0,0.547175078,0.450576723,0.979132504,0,0.113806113,0.289733685,0.942596261,0,-0.453570937,-0.225616014,0.810640073,581.8315018,798.2051282,796.5934066,859.8534799,983.956044,0.238403,0.141846,0.976257,2.796326,-4.07486,-1.166382,1,4,1,1,1,85,,
2023/11/23 13:43,0,0.818353813,0.460196942,0.579283035,0,0.298482173,0.252768033,0.54420938,0,0.494542823,0.283223849,0.99147082,0,0.0589403425,0.226867554,0.815129569,0,-0.410461126,-0.273658807,0.595276255,819.1575092,798.2051282,795.3846154,773.2234432,743.4065934,0.239563,0.139587,0.958862,2.392578,-3.917847,-1.562653,1,4,1,1,1,85,,
2023/11/23 13:43,,,,,,,,,,,,,,,,,,,,,,,,,,,,,,,,,,,,,,/muse/elements/blink,
2023/11/23 13:43,0,0.502185089,0.634114496,0.592795248,0,0.47404683,0.261241173,0.48738145,0,0.478294239,0.680836517,0.898879906,0,0.028157516,0.325330723,0.888492312,0,-0.394714796,-0.118116168,0.758033659,1329.267399,797.3992674,799.4139194,747.4358974,778.4615385,0.242004,0.136047,0.958252,2.018738,-3.940277,-2.863617,1,4,1,1,1,85,,
2023/11/23 13:43,0,1.13437444,0.966017174,0.558367186,0,0.681357146,0.529371329,0.509043314,0,0.471739405,0.662163264,0.622165957,0,0.172758033,0.344241515,0.944037116,0,-0.341793976,-0.0450683407,0.859932924,574.981685,803.4432234,770.4029304,550,799.4139194,0.242249,0.141235,0.962402,2.332764,-3.925323,-2.310333,1,4,1,1,1,85,,
2023/11/23 13:43,,,,,,,,,,,,,,,,,,,,,,,,,,,,,,,,,,,,,,/muse/elements/blink,
2023/11/23 13:43,0,1.064295677,0.930678413,0.558367186,0,0.731131388,0.808086662,0.509043314,0,1.025546222,0.883038763,0.622165957,0,0.311279228,0.420455855,0.944037116,0,-0.0565580913,-0.0177035388,0.859932924,753.0769231,783.6996337,786.9230769,784.1025641,722.4542125,0.239807,0.138,0.964722,2.257996,-4.127197,-3.013153,1,4,1,1,2,85,,
2023/11/23 13:43,,,,,,,,,,,,,,,,,,,,,,,,,,,,,,,,,,,,,,/muse/elements/blink,
2023/11/23 13:43,0,0.80925751,0.888566134,0.558367186,0,0.676465209,0.692873545,0.509043314,0,1.076333155,0.967702438,0.622165957,0,0.366861799,0.310761581,0.944037116,0,-0.163378547,-0.0368525995,0.859932924,1221.684982,794.1758242,784.9084249,834.8717949,943.6630037,0.248779,0.134949,0.962891,2.332764,-3.663635,-1.143951,1,4,1,1,2,95,,
2023/11/23 13:43,,,,,,,,,,,,,,,,,,,,,,,,,,,,,,,,,,,,,,/muse/elements/blink,
2023/11/23 13:43,0,0.626808592,0.98828979,0.558367186,0,0.338168234,0.712834142,0.509043314,0,0.899766859,0.932184376,0.622165957,0,0.0735686911,0.246512178,0.944037116,0,-0.299061494,-0.0754908809,0.859932924,571.3553114,793.7728938,793.7728938,846.1538462,834.0659341,0.240051,0.136963,0.962219,2.549591,-4.000092,-1.42807,1,4,1,1,2,95,,
2023/11/23 13:43,0,0.982190333,1.205862454,0.558367186,0,0.811039762,0.919839455,0.509043314,0,0.857927288,0.562840866,0.622165957,0,0.0708027714,0.266430459,0.944037116,0,-0.408890338,0.00835566885,0.859932924,741.7948718,783.2967033,784.9084249,794.981685,807.0695971,0.232788,0.139343,0.965149,2.878571,-3.805695,-2.205658,1,4,1,1,2,95,,
2023/11/23 13:43,,,,,,,,,,,,,,,,,,,,,,,,,,,,,,,,,,,,,,/muse/elements/blink,
2023/11/23 13:43,0,0.231620705,0.560379188,0.558367186,0,-0.14888175,0.279901428,0.509043314,0,0.561139097,0.315079938,0.622165957,0,0.0193968668,0.128140669,0.944037116,0,-0.380370252,-0.0265428142,0.859932924,1359.487179,799.4139194,790.952381,757.9120879,738.1684982,0.243347,0.137878,0.954712,2.34024,-3.035583,-1.996307,1,4,1,1,2,95,,
2023/11/23 13:43,,,,,,,,,,,,,,,,,,,,,,,,,,,,,,,,,,,,,,/muse/elements/blink,
2023/11/23 13:43,,,,,,,,,,,,,,,,,,,,,,,,,,,,,,,,,,,,,,/muse/elements/blink,
2023/11/23 13:43,0,0.17610628,0.944124623,0.558367186,0,-0.189248766,0.368404847,0.509043314,0,0.202404969,0.431212065,0.622165957,0,0.113666711,0.176376508,0.944037116,0,-0.299925044,0.0140376938,0.859932924,574.1758242,792.5641026,791.7582418,839.3040293,982.7472527,0.230652,0.14032,0.96167,1.9664,-4.194489,-2.915955,1,4,1,1,2,95,,
2023/11/23 13:43,0,1.233872366,0.944124623,0.558367186,0,0.791468035,0.368404847,0.509043314,0,0.540923331,0.431212065,0.622165957,0,0.224799102,0.176376508,0.944037116,0,-0.366116865,0.0140376938,0.859932924,774.8351648,782.0879121,800.6227106,738.5714286,745.018315,0.240051,0.139526,0.967102,2.190704,-4.358978,-2.31781,1,4,1,1,2,95,,
2023/11/23 13:43,,,,,,,,,,,,,,,,,,,,,,,,,,,,,,,,,,,,,,/muse/elements/blink,
2023/11/23 13:43,0,1.161262535,1.211892255,0.558367186,0,0.813344732,0.730191313,0.509043314,0,0.540923331,0.674101016,0.622165957,0,0.0831318475,0.243575153,0.944037116,0,-0.238484912,-0.251281662,0.859932924,1266.007326,781.2820513,785.7142857,750.2564103,820.3663004,0.240173,0.139771,0.962402,2.631836,-4.142151,-1.704712,1,4,1,1,2,95,,
2023/11/23 13:43,0,0.85293139,1.023374575,0.558367186,0,0.602146771,0.325579679,0.509043314,0,0.223540061,0.608345154,0.622165957,0,0.189642424,0.288203444,0.944037116,0,-0.255656847,-0.0988078136,0.859932924,572.5641026,794.1758242,789.3406593,840.9157509,784.9084249,0.236816,0.136841,0.966125,2.557068,-4.022522,-1.368256,1,4,1,1,2,95,,
2023/11/23 13:44,0,0.289509057,0.485540299,0.651007917,0,0.0648721845,-0.0962028058,0.601982181,0,0.311720276,0.57020601,0.982365653,0,0.148089014,0.36875464,0.993222424,0,-0.327778113,-0.0585917531,0.777715273,755.0915751,798.2051282,788.1318681,850.989011,747.032967,0.249084,0.139771,0.958923,2.616882,-4.059906,-1.831818,1,4,1,1,1,95,,
2023/11/23 13:44,,,,,,,,,,,,,,,,,,,,,,,,,,,,,,,,,,,,,,/muse/elements/blink,
2023/11/23 13:44,,,,,,,,,,,,,,,,,,,,,,,,,,,,,,,,,,,,,,/muse/elements/blink,
2023/11/23 13:44,0,1.127835493,1.139835913,0.515445568,0,0.680315324,0.708195392,0.698199726,0,0.73711162,0.68292106,0.874189702,0,0.0985819737,0.282614522,1.040226059,0,-0.431263107,0.0895583382,0.888179967,1217.252747,806.2637363,794.981685,783.6996337,892.4908425,0.239319,0.140503,0.959839,2.616882,-4.456177,-1.637421,1,4,1,1,1,95,,
2023/11/23 13:44,0,1.242252717,1.235533533,0.515445568,0,0.859613887,0.845895781,0.698199726,0,0.797440212,0.865661889,0.874189702,0,0.157397841,0.0144603292,1.040226059,0,-0.175285042,0.0405356102,0.888179967,568.5347985,793.7728938,784.1025641,537.1062271,839.3040293,0.24646,0.143066,0.964294,2.616882,-4.142151,-1.794434,1,4,1,1,1,80,,
2023/11/23 13:44,,,,,,,,,,,,,,,,,,,,,,,,,,,,,,,,,,,,,,/muse/elements/blink,
2023/11/23 13:44,0,0.698427335,1.064914827,0.515445568,0,0.358627509,0.728694133,0.698199726,0,0.487689056,0.877882596,0.874189702,0,0.196289621,0.273775356,1.040226059,0,-0.192046033,0.0267081585,0.888179967,751.0622711,825.6043956,789.7435897,863.0769231,798.6080586,0.242676,0.139893,0.963684,2.033691,-4.037476,-3.252411,1,4,1,1,2,80,,
2023/11/23 13:44,,,,,,,,,,,,,,,,,,,,,,,,,,,,,,,,,,,,,,/muse/elements/blink,
2023/11/23 13:44,0,1.077793567,1.28427011,0.515445568,0,0.790956085,0.719529483,0.698199726,0,0.500538791,0.839159077,0.874189702,0,0.259212618,0.261206279,1.040226059,0,-0.227705285,-0.120544422,0.888179967,355.7875458,806.2637363,808.2783883,874.7619048,873.1501832,0.235779,0.138977,0.969116,2.945862,-4.231873,-3.738403,1,4,1,1,2,80,,
2023/11/23 13:44,0,1.505854488,1.153207295,0.515445568,0,1.008834313,0.741941582,0.698199726,0,0.688803243,0.646221404,0.874189702,0,0.129974016,0.136202536,1.040226059,0,-0.122801896,-0.288252185,0.888179967,578.6080586,783.6996337,797.8021978,769.1941392,827.2161172,0.243164,0.140259,0.968445,2.609406,-3.917847,-3.087921,1,4,1,1,2,80,,
2023/11/23 13:44,,,,,,,,,,,,,,,,,,,,,,,,,,,,,,,,,,,,,,/muse/elements/blink,
2023/11/23 13:44,,,,,,,,,,,,,,,,,,,,,,,,,,,,,,,,,,,,,,/muse/elements/blink,
2023/11/23 13:44,0,1.384531188,1.153207295,0.515445568,0,0.791818515,0.741941582,0.698199726,0,0.369536874,0.646221404,0.874189702,0,0.197843039,0.136202536,1.040226059,0,-0.100744039,-0.288252185,0.888179967,858.6446886,761.9413919,816.3369963,805.8608059,788.9377289,0.248535,0.142639,0.967285,2.34024,-3.618774,-2.407532,1,4,1,1,2,80,,
2023/11/23 13:44,,,,,,,,,,,,,,,,,,,,,,,,,,,,,,,,,,,,,,/muse/elements/blink,
2023/11/23 13:44,0,1.207877889,1.153207295,0.515445568,0,0.681010484,0.741941582,0.698199726,0,0.430404218,0.646221404,0.874189702,0,0.158018671,0.136202536,1.040226059,0,-0.117618902,-0.288252185,0.888179967,466.1904762,791.7582418,784.1025641,800.6227106,781.2820513,0.251648,0.141296,0.958496,1.659851,-2.818756,-3.611298,1,4,1,1,2,80,,
2023/11/23 13:44,0,1.087257754,1.153207295,0.515445568,0,0.775910996,0.741941582,0.698199726,0,0.538957892,0.646221404,0.874189702,0,0.0709276496,0.136202536,1.040226059,0,-0.459888932,-0.288252185,0.888179967,1308.315018,788.1318681,780.0732601,751.0622711,871.9413919,0.242126,0.143677,0.964294,2.474823,-2.863617,-0.433655,1,4,1,1,2,80,,
2023/11/23 13:44,0,0.809099218,1.021351984,0.515445568,0,0.365886831,0.639316143,0.698199726,0,0.483594423,1.076196511,0.874189702,0,-0.034181833,0.335291867,1.040226059,0,-0.246844975,-0.168704338,0.888179967,11.68498168,781.6849817,808.2783883,677.3260073,735.3479853,0.25177,0.140381,0.961365,2.31781,-4.254303,-2.953339,1,2,1,1,2,80,,
2023/11/23 13:44,,,,,,,,,,,,,,,,,,,,,,,,,,,,,,,,,,,,,,/muse/elements/blink,
2023/11/23 13:44,,,,,,,,,,,,,,,,,,,,,,,,,,,,,,,,,,,,,,/muse/elements/blink,
2023/11/23 13:44,0,1.094077794,1.372590111,0.515445568,0,0.791832994,0.951888895,0.698199726,0,0.730010947,1.076196511,0.874189702,0,0.192783153,0.525110715,1.040226059,0,-0.306809249,-0.0870042335,0.888179967,1252.307692,791.3553114,803.4432234,807.0695971,814.7252747,0.244385,0.138306,0.962585,2.332764,-3.626251,-2.385101,1,2,1,1,2,80,,
2023/11/23 13:44,,,,,,,,,,,,,,,,,,,,,,,,,,,,,,,,,,,,,,/muse/elements/blink,
2023/11/23 13:44,0,0.886118861,1.371215317,0.515445568,0,0.309325434,0.909830157,0.698199726,0,0.739865654,1.071023669,0.874189702,0,0.129901401,0.447308191,1.040226059,0,-0.312394313,-0.124061607,0.888179967,1428.791209,802.6373626,786.5201465,747.032967,842.9304029,0.249573,0.146729,0.964478,2.198181,-3.596344,-1.9664,1,2,1,1,2,80,,
2023/11/23 13:44,,,,,,,,,,,,,,,,,,,,,,,,,,,,,,,,,,,,,,/muse/elements/blink,
2023/11/23 13:44,,,,,,,,,,,,,,,,,,,,,,,,,,,,,,,,,,,,,,/muse/elements/blink,
2023/11/23 13:44,0,1.171594858,1.371215317,0.515445568,0,0.791108005,0.909830157,0.698199726,0,0.981166441,1.071023669,0.874189702,0,0.126963941,0.447308191,1.040226059,0,-0.230931712,-0.124061607,0.888179967,111.6117216,823.5897436,797.3992674,736.1538462,734.1391941,0.248413,0.138123,0.954712,2.429962,-4.067383,-2.601929,1,2,1,1,2,80,,
2023/11/23 13:44,0,1.555338715,1.371215317,0.515445568,0,1.199327081,0.909830157,0.698199726,0,1.076054992,1.071023669,0.874189702,0,0.451661122,0.447308191,1.040226059,0,-0.302628992,-0.124061607,0.888179967,180.9157509,780.8791209,776.8498168,734.9450549,765.1648352,0.236877,0.141235,0.96228,3.04306,-4.209442,-0.986938,1,2,1,1,2,90,,
2023/11/23 13:44,0,1.185814839,0.517275976,0.926807735,0,0.47542789,0.409858036,0.28638371,0,0.863078673,0.217041828,1.207476503,0,0.339764478,0.386499422,0.867364921,0,-0.273369254,-0.292128713,0.427442615,1495.274725,788.1318681,790.952381,749.4505495,790.1465201,0.248169,0.141113,0.95874,2.474823,-4.478607,-1.600037,1,2,1,1,1,90,,
2023/11/23 13:44,,,,,,,,,,,,,,,,,,,,,,,,,,,,,,,,,,,,,,/muse/elements/blink,
2023/11/23 13:44,0,1.042624073,0.886815036,0.98104874,0,0.124553445,0.675582363,0.314370186,0,0.259836265,0.254429024,1.21645307,0,0.257247163,0.288092861,0.864755329,0,-0.297794424,-0.0341754006,0.43056364,128.5347985,803.8461538,707.5457875,741.3919414,686.5934066,0.249634,0.138916,0.954773,2.624359,-3.671112,-1.861725,1,2,1,1,1,90,,
2023/11/23 13:44,,,,,,,,,,,,,,,,,,,,,,,,,,,,,,,,,,,,,,/muse/elements/blink,
2023/11/23 13:44,0,1.382415361,1.136662328,1.031154833,0,0.88648994,1.033699577,0.346244147,0,0.969537891,0.126487896,1.203646249,0,0.373619687,0.228032304,0.830165147,0,-0.17666195,0.178432265,0.319530333,180.9157509,781.2820513,787.7289377,735.7509158,745.018315,0.241638,0.142761,0.969543,2.66922,-4.194489,-1.300964,1,2,1,1,1,90,,
2023/11/23 13:44,,,,,,,,,,,,,,,,,,,,,,,,,,,,,,,,,,,,,,/muse/elements/blink,
2023/11/23 13:44,0,1.098071812,1.136662328,1.031154833,0,0.789465828,1.033699577,0.346244147,0,1.00253691,0.126487896,1.203646249,0,0.307368176,0.228032304,0.830165147,0,-0.186555521,0.178432265,0.319530333,1462.637363,806.2637363,801.025641,756.7032967,749.8534799,0.248962,0.141174,0.962158,2.83371,-3.297272,-1.854248,1,2,1,1,2,90,,
2023/11/23 13:44,,,,,,,,,,,,,,,,,,,,,,,,,,,,,,,,,,,,,,/muse/elements/blink,
2023/11/23 13:44,,,,,,,,,,,,,,,,,,,,,,,,,,,,,,,,,,,,,,/muse/elements/blink,
2023/11/23 13:44,0,1.02088306,1.136662328,1.031154833,0,0.521954134,1.033699577,0.346244147,0,1.014769143,0.126487896,1.203646249,0,0.437418832,0.228032304,0.830165147,0,-0.188897827,0.178432265,0.319530333,992.4175824,785.3113553,807.0695971,863.0769231,718.4249084,0.246826,0.143982,0.962463,2.497253,-3.461761,-2.758942,1,2,1,1,2,90,,
2023/11/23 13:44,0,1.30411639,1.136662328,1.031154833,0,0.878216189,1.033699577,0.346244147,0,1.037102348,0.126487896,1.203646249,0,0.35858344,0.228032304,0.830165147,0,-0.370764101,0.178432265,0.319530333,178.4981685,796.996337,801.8315018,728.4981685,794.1758242,0.246704,0.140991,0.958069,2.29538,-4.164581,-1.75705,1,2,1,1,2,90,,
2023/11/23 13:44,0,0.526624805,0.0676839127,0.503805423,0,0.308145487,0.194858316,-0.0540589396,0,0.547503043,0.0539039077,0.933153038,0,0.0606449847,0.272471793,0.903350707,0,-0.423960529,-0.122113022,0.760586578,1368.754579,799.010989,787.7289377,764.3589744,750.2564103,0.248047,0.138489,0.966919,2.542114,-3.544006,-2.654266,1,2,1,1,2,90,,
2023/11/23 13:44,,,,,,,,,,,,,,,,,,,,,,,,,,,,,,,,,,,,,,/muse/elements/blink,
2023/11/23 13:44,0,0.545823902,1.096987718,0.503805423,0,0.592468841,0.639150331,-0.0540589396,0,0.692125763,0.142119617,0.933153038,0,0.0665186104,0.273816641,0.903350707,0,-0.321816535,-0.189829379,0.760586578,19.34065934,799.8168498,792.1611722,726.8864469,701.9047619,0.250305,0.146301,0.965271,2.586975,-3.648682,-2.497253,1,2,1,1,1,90,,
2023/11/23 13:44,,,,,,,,,,,,,,,,,,,,,,,,,,,,,,,,,,,,,,/muse/elements/blink,
2023/11/23 13:44,0,0.874195898,1.373908855,0.503805423,0,0.759572575,0.837536991,-0.0540589396,0,0.765897987,0.37920921,0.933153038,0,0.0814074453,0.213096859,0.903350707,0,-0.199197226,-0.091025463,0.760586578,171.2454212,797.3992674,805.4578755,751.8681319,724.8717949,0.245911,0.144104,0.959778,2.190704,-4.104767,-2.29538,1,2,1,1,1,90,,
2023/11/23 13:44,0,0.911407013,1.043839489,0.503805423,0,0.526511791,0.529563619,-0.0540589396,0,0.682692814,0.501136574,0.933153038,0,0.00224310482,0.250381376,0.903350707,0,-0.215175198,-0.0736950223,0.760586578,1277.289377,801.025641,804.6520147,740.989011,798.2051282,0.253052,0.142761,0.95636,2.415009,-3.730927,-1.786957,1,2,1,1,2,90,,
2023/11/23 13:44,,,,,,,,,,,,,,,,,,,,,,,,,,,,,,,,,,,,,,/muse/elements/blink,
2023/11/23 13:44,0,1.015057341,0.813584152,0.503805423,0,0.881379853,0.330328293,-0.0540589396,0,0.76103079,0.424248525,0.933153038,0,-0.012054099,0.211845722,0.903350707,0,-0.428683924,-0.133351966,0.760586578,1466.263736,845.7509158,794.1758242,723.2600733,784.5054945,0.255066,0.143372,0.961609,1.996307,-3.648682,-1.555176,1,2,1,1,2,90,,
2023/11/23 13:44,,,,,,,,,,,,,,,,,,,,,,,,,,,,,,,,,,,,,,/muse/elements/blink,
2023/11/23 13:44,,,,,,,,,,,,,,,,,,,,,,,,,,,,,,,,,,,,,,/muse/elements/blink,
2023/11/23 13:44,0,1.417981969,0.715819499,0.503805423,0,1.225826818,0.399218365,-0.0540589396,0,0.756400604,0.290095276,0.933153038,0,0.10992117,0.180345054,0.903350707,0,-0.319378887,-0.223133847,0.760586578,35.86080586,784.9084249,795.7875458,742.6007326,821.1721612,0.250244,0.138184,0.965698,2.272949,-4.149628,-1.697235,1,2,1,1,2,90,,
2023/11/23 13:44,,,,,,,,,,,,,,,,,,,,,,,,,,,,,,,,,,,,,,/muse/elements/blink,
2023/11/23 13:44,0,0.839917393,1.040644167,0.503805423,0,-0.349240724,0.354246,-0.0540589396,0,0.536916773,0.58357384,0.933153038,0,0.0057678443,0.248125909,0.903350707,0,-0.147988585,-0.272371805,0.760586578,1172.124542,794.981685,805.4578755,819.96337,841.3186813,0.241882,0.14386,0.964905,1.555176,-2.564545,-3.828125,1,2,1,1,2,90,,
2023/11/23 13:44,0,1.063157587,0.871502196,0.503805423,0,0.729701146,0.44107231,-0.0540589396,0,0.726849338,0.58357384,0.933153038,0,0.27875717,0.263054165,0.903350707,0,-0.322137464,-0.0503995084,0.760586578,1283.333333,805.0549451,801.025641,772.4175824,815.1282051,0.243958,0.145203,0.969482,2.287903,-3.588867,-1.831818,1,2,1,1,2,90,,
2023/11/23 13:44,,,,,,,,,,,,,,,,,,,,,,,,,,,,,,,,,,,,,,/muse/elements/blink,
2023/11/23 13:44,0,1.045442468,0.80567838,0.503805423,0,0.702199054,0.822204292,-0.0540589396,0,0.604184793,0.734790724,0.933153038,0,0.101585436,0.233336494,0.903350707,0,-0.313889429,0.0273010921,0.760586578,508.9010989,796.1904762,819.96337,832.0512821,809.8901099,0.244263,0.143982,0.95813,2.063599,-4.291687,-2.422485,1,2,1,1,2,90,,
2023/11/23 13:44,0,1.143766023,1.009538564,0.503805423,0,0.726325579,1.011333805,-0.0540589396,0,0.733074059,0.734790724,0.933153038,0,0.140918408,0.256096166,0.903350707,0,-0.270671043,-0.0522248483,0.760586578,1043.186813,794.5787546,799.010989,890.0732601,823.992674,0.248596,0.143799,0.960876,2.213135,-4.508514,-1.644897,1,2,1,1,2,90,,
2023/11/23 13:44,,,,,,,,,,,,,,,,,,,,,,,,,,,,,,,,,,,,,,/muse/elements/blink,
2023/11/23 13:44,,,,,,,,,,,,,,,,,,,,,,,,,,,,,,,,,,,,,,/muse/elements/blink,
2023/11/23 13:44,0,1.089085056,1.315621519,0.503805423,0,0.756097271,0.961350892,-0.0540589396,0,0.825642078,0.617035985,0.933153038,0,0.14313048,0.520609989,0.903350707,0,-0.183377294,-0.0838114976,0.760586578,21.75824176,801.4285714,807.0695971,857.4358974,708.7545788,0.241577,0.140808,0.960632,2.018738,-2.915955,-2.66922,1,2,1,1,2,90,,
2023/11/23 13:44,,,,,,,,,,,,,,,,,,,,,,,,,,,,,,,,,,,,,,/muse/elements/blink,
2023/11/23 13:44,0,1.045171793,1.133958671,0.503805423,0,0.735923346,0.848915552,-0.0540589396,0,0.771361669,0.646114564,0.933153038,0,0.187670761,0.41313333,0.903350707,0,-0.371947037,-0.0678028064,0.760586578,1398.168498,790.5494505,801.8315018,873.956044,994.8351648,0.256775,0.138245,0.959351,2.901001,-4.015045,-2.489777,1,2,1,1,2,90,,
2023/11/23 13:44,,,,,,,,,,,,,,,,,,,,,,,,,,,,,,,,,,,,,,/muse/elements/blink,
2023/11/23 13:44,,,,,,,,,,,,,,,,,,,,,,,,,,,,,,,,,,,,,,/muse/elements/blink,
2023/11/23 13:44,0,1.330018249,0.652950835,0.503805423,0,0.816727117,0.630419207,-0.0540589396,0,0.883597391,0.419907366,0.933153038,0,0.168310032,0.115740848,0.903350707,0,-0.305893739,-0.216358039,0.760586578,928.3516484,780.0732601,830.4395604,796.996337,732.5274725,0.249573,0.143372,0.953918,2.243042,-4.089813,-2.220612,1,2,1,1,2,90,,
2023/11/23 13:44,,,,,,,,,,,,,,,,,,,,,,,,,,,,,,,,,,,,,,/muse/elements/blink,
2023/11/23 13:44,0,1.132578219,1.208255696,0.503805423,0,0.697827116,0.682792612,-0.0540589396,0,0.72959184,0.723775764,0.933153038,0,0.360814267,0.498015853,0.903350707,0,-0.225684953,-0.0158646621,0.760586578,1251.501832,817.9487179,795.7875458,802.2344322,793.7728938,0.253906,0.145264,0.957947,2.706604,-3.895416,-2.31781,1,2,1,1,2,85,,
2023/11/23 13:44,,,,,,,,,,,,,,,,,,,,,,,,,,,,,,,,,,,,,,/muse/elements/blink,
2023/11/23 13:44,0,1.091020111,1.082956008,0.503805423,0,0.698282109,0.722159283,-0.0540589396,0,0.625441945,1.009900702,0.933153038,0,0.311874701,0.319463252,0.903350707,0,-0.258197104,-0.00486099861,0.760586578,269.1575092,807.8754579,791.7582418,865.4945055,833.2600733,0.248169,0.144409,0.960938,1.876678,-3.611298,-2.168274,1,2,1,1,2,85,,
2023/11/23 13:44,0,1.127795822,1.097173991,0.503805423,0,0.667381764,0.803481719,-0.0540589396,0,0.599281867,1.001016497,0.933153038,0,0.21771632,0.058617991,0.903350707,0,-0.279283169,-0.115893019,0.760586578,887.2527473,796.996337,793.3699634,842.9304029,766.3736264,0.245605,0.141296,0.955994,2.758942,-4.231873,-2.370148,1,2,1,1,2,85,,
2023/11/23 13:44,0,1.110787339,1.1736836,0.503805423,0,0.707224854,0.898112754,-0.0540589396,0,0.682755668,1.001016497,0.933153038,0,0.101353096,0.0526219949,0.903350707,0,-0.310704496,-0.167809116,0.760586578,1226.923077,789.7435897,821.5750916,697.0695971,792.967033,0.253418,0.139709,0.955261,2.601929,-3.573914,-1.899109,1,2,1,1,2,85,,
2023/11/23 13:44,,,,,,,,,,,,,,,,,,,,,,,,,,,,,,,,,,,,,,/muse/elements/blink,
2023/11/23 13:44,0,1.135931496,1.241617057,0.503805423,0,0.699635815,0.885888884,-0.0540589396,0,0.638516138,0.69816966,0.933153038,0,0.110840582,0.424440629,0.903350707,0,-0.228773439,-0.175449821,0.760586578,134.981685,797.8021978,796.996337,816.3369963,848.974359,0.25177,0.135559,0.954773,2.325287,-3.349609,-2.407532,1,2,1,1,2,85,,
2023/11/23 13:44,,,,,,,,,,,,,,,,,,,,,,,,,,,,,,,,,,,,,,/muse/elements/blink,
2023/11/23 13:44,0,1.113621892,1.258043125,0.503805423,0,0.672645832,0.990992013,-0.0540589396,0,0.628938734,0.757440731,0.933153038,0,0.0645010659,0.227433009,0.903350707,0,-0.333341172,-0.0800722488,0.760586578,582.2344322,813.5164835,778.0586081,848.1684982,777.6556777,0.249329,0.143738,0.961731,2.915955,-4.381409,-1.719666,1,2,1,1,2,85,,
2023/11/23 13:44,,,,,,,,,,,,,,,,,,,,,,,,,,,,,,,,,,,,,,/muse/elements/blink,
2023/11/23 13:44,0,0.979722301,1.059777457,0.503805423,0,0.72999274,0.871468084,-0.0540589396,0,0.421895141,0.645031636,0.933153038,0,0.0300767385,0.175476434,0.903350707,0,-0.345129672,-0.0519617365,0.760586578,1003.699634,807.4725275,800.6227106,818.7545788,818.7545788,0.257019,0.143311,0.961975,2.198181,-3.708496,-1.719666,1,2,1,1,2,85,,
2023/11/23 13:44,0,0.687358269,0.96395308,0.503805423,0,0.0622034816,0.0172852124,-0.0540589396,0,0.34414587,0.273395535,0.933153038,0,0.0625588269,0.329932467,0.903350707,0,-0.526303596,-0.195345067,0.760586578,0,797.8021978,788.1318681,909.4139194,1081.868132,0.252502,0.139282,0.964355,2.527161,-4.231873,-1.719666,1,2,1,1,2,85,,
2023/11/23 13:44,,,,,,,,,,,,,,,,,,,,,,,,,,,,,,,,,,,,,,/muse/elements/blink,
2023/11/23 13:44,0,0.996857511,0.96395308,0.503805423,0,0.808589269,0.0172852124,-0.0540589396,0,0.75184453,0.273395535,0.933153038,0,0.0843430659,0.329932467,0.903350707,0,-0.407187462,-0.195345067,0.760586578,103.956044,802.2344322,801.025641,850.1831502,797.8021978,0.253174,0.136597,0.967529,2.4823,-3.730927,-1.308441,1,2,1,1,2,85,,
2023/11/23 13:44,,,,,,,,,,,,,,,,,,,,,,,,,,,,,,,,,,,,,,/muse/elements/blink,
2023/11/23 13:44,0,0.826217956,0.995894772,0.503805423,0,0.796774772,0.706913382,-0.0540589396,0,0.647054475,0.488052401,0.933153038,0,0.172016157,0.181907941,0.903350707,0,-0.401542214,-0.301792195,0.760586578,369.4871795,787.3260073,792.967033,838.9010989,831.6483516,0.246643,0.135071,0.961487,2.31781,-3.768311,-2.781372,1,2,1,1,2,85,,
2023/11/23 13:44,,,,,,,,,,,,,,,,,,,,,,,,,,,,,,,,,,,,,,/muse/elements/blink,
2023/11/23 13:44,0,1.006714483,1.106837616,0.503805423,0,0.87015713,0.781463763,-0.0540589396,0,1.079409989,0.711180382,0.933153038,0,0.171361349,0.373380747,0.903350707,0,-0.510068906,-0.179377955,0.760586578,105.5677656,807.4725275,795.3846154,870.7326007,1040.3663,0.245972,0.136475,0.958374,2.385101,-4.299164,-1.861725,1,2,1,1,2,85,,
2023/11/23 13:44,,,,,,,,,,,,,,,,,,,,,,,,,,,,,,,,,,,,,,/muse/elements/blink,
2023/11/23 13:44,,,,,,,,,,,,,,,,,,,,,,,,,,,,,,,,,,,,,,/muse/elements/blink,
2023/11/23 13:44,0,0.984639543,0.9065448,0.503805423,0,0.843783262,0.612827064,-0.0540589396,0,1.087857334,0.522527436,0.933153038,0,0.278595541,0.435667474,0.903350707,0,-0.375255849,-0.0324535618,0.760586578,23.36996337,801.4285714,799.8168498,886.043956,721.6483516,0.252075,0.144409,0.956116,2.437439,-4.007568,-1.958923,1,2,1,1,2,90,,
2023/11/23 13:44,,,,,,,,,,,,,,,,,,,,,,,,,,,,,,,,,,,,,,/muse/elements/blink,
2023/11/23 13:44,0,0.954185967,0.9065448,0.503805423,0,0.93625869,0.612827064,-0.0540589396,0,1.055320764,0.522527436,0.933153038,0,0.30699734,0.435667474,0.903350707,0,-0.250210005,-0.0324535618,0.760586578,4.029304029,809.0842491,797.8021978,855.8241758,772.014652,0.249939,0.141663,0.960938,2.736511,-3.596344,-1.644897,1,2,1,1,2,90,,
2023/11/23 13:44,,,,,,,,,,,,,,,,,,,,,,,,,,,,,,,,,,,,,,/muse/elements/blink,
2023/11/23 13:44,0,1.147285119,0.451860819,0.503805423,0,0.775405141,-0.0314798918,-0.0540589396,0,0.845068538,0.192273854,0.933153038,0,0.153022724,0.227512035,0.903350707,0,-0.231763313,-0.0159735086,0.760586578,240.5494505,801.8315018,791.7582418,902.5641026,997.6556777,0.246216,0.140686,0.959778,2.257996,-4.254303,-1.697235,1,2,1,1,2,90,,
2023/11/23 13:44,0,0.804788001,0.865268822,0.503805423,0,0.387638428,0.274298558,-0.0540589396,0,0.694563391,0.593634487,0.933153038,0,0.329592827,0.323890231,0.903350707,0,-0.153027012,-0.0922481882,0.760586578,145.0549451,802.6373626,812.3076923,879.1941392,784.9084249,0.254883,0.140442,0.965088,2.497253,-3.701019,-2.063599,1,2,1,1,2,90,,
2023/11/23 13:44,,,,,,,,,,,,,,,,,,,,,,,,,,,,,,,,,,,,,,/muse/elements/blink,
2023/11/23 13:44,,,,,,,,,,,,,,,,,,,,,,,,,,,,,,,,,,,,,,/muse/elements/blink,
2023/11/23 13:44,0,0.856866625,1.229467115,0.503805423,0,0.503827949,0.416181294,-0.0540589396,0,0.714214748,0.63927883,0.933153038,0,0.461377555,0.409339801,0.903350707,0,-0.208453823,-0.0981814534,0.760586578,482.7106227,803.8461538,797.8021978,860.6593407,770.4029304,0.253845,0.134583,0.963928,2.190704,-3.626251,-2.160797,1,2,1,1,2,90,,
2023/11/23 13:44,,,,,,,,,,,,,,,,,,,,,,,,,,,,,,,,,,,,,,/muse/elements/blink,
2023/11/23 13:44,0,0.949505598,1.229467115,0.503805423,0,0.4564196,0.416181294,-0.0540589396,0,0.644563095,0.63927883,0.933153038,0,0.241618412,0.409339801,0.903350707,0,-0.333934877,-0.0981814534,0.760586578,308.2417582,797.8021978,815.5311355,845.3479853,902.1611722,0.245056,0.128052,0.964478,2.609406,-3.626251,-2.945862,1,2,1,1,2,90,,
2023/11/23 13:44,0,0.800748347,1.229467115,0.503805423,0,0.500849954,0.416181294,-0.0540589396,0,0.750775299,0.63927883,0.933153038,0,0.0870342404,0.409339801,0.903350707,0,-0.349702521,-0.0981814534,0.760586578,245.7875458,811.9047619,799.010989,838.4981685,761.9413919,0.245361,0.136597,0.961365,2.684174,-4.187012,-1.839294,1,2,1,1,2,90,,
2023/11/23 13:44,,,,,,,,,,,,,,,,,,,,,,,,,,,,,,,,,,,,,,/muse/elements/blink,
2023/11/23 13:44,0,0.448190193,0.561551695,0.503805423,0,0.0144608995,0.386018113,-0.0540589396,0,0.283286027,0.490250179,0.933153038,0,-0.00522423787,0.224450246,0.903350707,0,-0.280889318,-0.322583178,0.760586578,246.996337,806.6666667,790.5494505,864.6886447,949.7069597,0.241577,0.137939,0.955627,2.66922,-4.052429,-2.071075,1,2,1,1,2,90,,
2023/11/23 13:44,0,1.1524016,0.773245718,0.503805423,0,0.956423129,0.426800756,-0.0540589396,0,0.51670148,0.372315484,0.933153038,0,0.216205518,0.0980176243,0.903350707,0,-0.298255524,-0.412547346,0.760586578,830.8424908,812.7106227,847.3626374,809.8901099,856.6300366,0.246887,0.137207,0.963867,2.467346,-3.506622,-1.353302,1,2,1,1,2,90,,
2023/11/23 13:44,,,,,,,,,,,,,,,,,,,,,,,,,,,,,,,,,,,,,,/muse/elements/blink,
2023/11/23 13:44,0,1.05694018,0.849320396,0.503805423,0,0.722146143,0.413728076,-0.0540589396,0,0.596781861,0.333506277,0.933153038,0,-0.0264793178,0.131356978,0.903350707,0,-0.374609203,-0.407944482,0.760586578,477.0695971,813.5164835,772.4175824,792.967033,752.6739927,0.245483,0.143738,0.967224,2.676697,-3.902893,-2.168274,1,2,1,1,2,90,,
2023/11/23 13:44,,,,,,,,,,,,,,,,,,,,,,,,,,,,,,,,,,,,,,/muse/elements/blink,
2023/11/23 13:44,0,1.211957974,0.849320396,0.503805423,0,0.975359226,0.413728076,-0.0540589396,0,0.805894205,0.333506277,0.933153038,0,0.124388408,0.131356978,0.903350707,0,-0.304332692,-0.407944482,0.760586578,1519.85348,800.6227106,795.7875458,802.2344322,783.2967033,0.247253,0.135803,0.966919,2.205658,-3.55896,-2.444916,1,2,1,1,2,90,,
2023/11/23 13:44,0,1.011430586,-0.0788932473,0.835050367,0,0.750610763,0.232266456,0.368367838,0,0.764321894,0.402638645,0.928627236,0,0.26916126,0.259595747,1.093837309,0,-0.278099392,-0.313992365,0.782349897,1427.985348,809.0842491,792.967033,796.5934066,711.978022,0.248901,0.138062,0.960205,2.684174,-3.872986,-2.31781,1,2,1,1,2,90,,
2023/11/23 13:44,,,,,,,,,,,,,,,,,,,,,,,,,,,,,,,,,,,,,,/muse/elements/blink,
2023/11/23 13:44,0,0.870439991,0.444733282,0.985543558,0,0.477332028,0.259235269,0.538145161,0,0.554470622,0.469908083,0.9510209,0,0.16504056,0.206133615,1.084476083,0,-0.291042887,-0.300663422,0.787336096,1229.340659,788.9377289,791.7582418,799.010989,717.2161172,0.250183,0.138184,0.960693,2.407532,-3.880463,-2.429962,1,2,1,1,1,90,,
2023/11/23 13:44,0,1.048186339,0.735907008,1.055496012,0,0.547806343,0.368662288,0.589870453,0,0.53016807,0.137017089,0.918766575,0,0.047496281,0.225898039,1.083555743,0,-0.471659088,0.078519361,0.79059779,857.032967,805.4578755,782.0879121,887.6556777,1110.879121,0.256348,0.138855,0.957947,2.362671,-3.738403,-2.115936,1,2,1,1,1,90,,
2023/11/23 13:44,,,,,,,,,,,,,,,,,,,,,,,,,,,,,,,,,,,,,,/muse/elements/blink,
2023/11/23 13:44,,,,,,,,,,,,,,,,,,,,,,,,,,,,,,,,,,,,,,/muse/elements/blink,
2023/11/23 13:44,0,0.629401252,0.8739813,1.055496012,0,0.603863009,0.539127556,0.589870453,0,0.553162838,0.552854534,0.918766575,0,0.0966676117,0.277442192,1.083555743,0,-0.345886557,0.0552847917,0.79059779,1590.769231,809.4871795,801.4285714,741.7948718,800.6227106,0.252197,0.141846,0.970154,2.796326,-3.095398,-2.616882,1,2,1,1,2,90,,
2023/11/23 13:44,0,0.996385948,0.894774286,1.055496012,0,0.743627546,0.680786495,0.589870453,0,0.562139631,0.666556476,0.918766575,0,0.141460433,0.212191696,1.083555743,0,-0.18632836,-0.0138953255,0.79059779,1524.688645,825.2014652,801.025641,763.1501832,634.6153846,0.253662,0.139771,0.96283,2.826233,-4.201965,-1.854248,1,2,1,1,2,90,,
2023/11/23 13:45,,,,,,,,,,,,,,,,,,,,,,,,,,,,,,,,,,,,,,/muse/elements/blink,
2023/11/23 13:45,0,0.822964646,0.281974068,1.055496012,0,0.217109351,0.226712682,0.589870453,0,0.511067438,0.541252853,0.918766575,0,0.17642342,0.211749601,1.083555743,0,-0.229818574,-0.0807334754,0.79059779,1454.578755,805.4578755,794.5787546,811.5018315,853.4065934,0.258301,0.142029,0.960022,2.616882,-3.686066,-1.158905,1,2,1,1,2,90,,
2023/11/23 13:45,0,0.897012679,0.338673687,1.055496012,0,0.685352605,0.238604483,0.589870453,0,0.583222487,0.13727733,0.918766575,0,0.160947143,0.415326094,1.083555743,0,-0.382952828,-0.0554730217,0.79059779,1260.3663,794.5787546,804.6520147,817.1428571,755.0915751,0.252441,0.137024,0.963135,2.34024,-3.9328,-2.086029,1,2,1,1,2,90,,
2023/11/23 13:45,,,,,,,,,,,,,,,,,,,,,,,,,,,,,,,,,,,,,,/muse/elements/blink,
2023/11/23 13:45,0,0.367058211,0.544348715,1.055496012,0,0.224954411,0.099418628,0.589870453,0,0.295216424,0.293349933,0.918766575,0,0.0974448329,0.238177547,1.083555743,0,-0.440343106,-0.0996749325,0.79059779,86.63003663,802.6373626,786.9230769,789.3406593,749.4505495,0.252991,0.141541,0.960815,2.280426,-3.304749,-2.407532,1,2,1,1,2,90,,
2023/11/23 13:45,0,0.638231322,0.524158983,1.055496012,0,0.697853861,-0.0355464903,0.589870453,0,0.615302442,0.203402356,0.918766575,0,0.0922447479,0.11296984,1.083555743,0,-0.402171779,-0.00201814156,0.79059779,1570.622711,788.9377289,791.7582418,746.6300366,875.1648352,0.249756,0.137756,0.960876,2.198181,-3.753357,-2.542114,1,2,1,1,2,90,,
2023/11/23 13:45,0,0.607766562,0.612524305,1.055496012,0,0.373948367,0.218762194,0.589870453,0,0.303644136,0.299420063,0.918766575,0,0.00621881712,0.237145684,1.083555743,0,-0.23060056,-0.0965919268,0.79059779,187.7655678,797.8021978,790.1465201,760.3296703,763.956044,0.258362,0.138123,0.957275,2.968292,-4.314117,-1.24115,1,2,1,1,2,90,,
2023/11/23 13:45,,,,,,,,,,,,,,,,,,,,,,,,,,,,,,,,,,,,,,/muse/elements/blink,
2023/11/23 13:45,0,1.059942673,0.758213617,1.055496012,0,0.754750208,0.443717744,0.589870453,0,0.606884709,0.271508317,0.918766575,0,0.0560161723,0.21713821,1.083555743,0,-0.259790968,-0.242783424,0.79059779,200.2564103,797.3992674,788.5347985,750.2564103,675.3113553,0.251282,0.136292,0.96106,2.377625,-3.865509,-1.749573,1,2,1,1,2,90,,
2023/11/23 13:45,,,,,,,,,,,,,,,,,,,,,,,,,,,,,,,,,,,,,,/muse/elements/blink,
2023/11/23 13:45,0,0.97588712,0.716364525,1.055496012,0,0.573844361,0.375621876,0.589870453,0,0.572779718,0.467697766,0.918766575,0,0.076237142,0.349364208,1.083555743,0,-0.39968538,0.0629244862,0.79059779,60.84249084,797.8021978,798.6080586,730.1098901,1070.586081,0.254395,0.142578,0.95813,2.699127,-4.441223,-1.772003,1,2,1,1,2,90,,
2023/11/23 13:45,,,,,,,,,,,,,,,,,,,,,,,,,,,,,,,,,,,,,,/muse/elements/blink,
2023/11/23 13:45,0,0.606979823,0.605691746,1.055496012,0,0.314917812,0.434587165,0.589870453,0,0.608386026,0.602458539,0.918766575,0,0.0296781366,0.228019004,1.083555743,0,-0.275842419,0.0161876358,0.79059779,178.9010989,800.6227106,778.0586081,730.9157509,732.5274725,0.26062,0.14386,0.960327,2.549591,-3.671112,-2.15332,1,2,1,1,2,90,,
2023/11/23 13:45,0,0.757159734,0.638820322,1.055496012,0,0.519844292,0.550564851,0.589870453,0,0.781911131,0.588703313,0.918766575,0,0.141286731,0.29090611,1.083555743,0,-0.164921487,0.0691937906,0.79059779,205.0915751,790.5494505,791.7582418,751.0622711,725.2747253,0.258301,0.142212,0.959412,2.893524,-3.753357,-2.011261,1,2,1,1,2,90,,
2023/11/23 13:45,,,,,,,,,,,,,,,,,,,,,,,,,,,,,,,,,,,,,,/muse/elements/blink,
2023/11/23 13:45,0,0.797404697,0.695316218,1.055496012,0,0.171068751,0.487856441,0.589870453,0,0.374097633,0.737913086,0.918766575,0,0.0895412573,0.172595641,1.083555743,0,-0.215106423,0.0366509734,0.79059779,75.34798535,792.967033,784.9084249,789.3406593,734.9450549,0.255432,0.138428,0.955322,2.29538,-3.708496,-2.15332,1,2,1,1,2,90,,
2023/11/23 13:45,,,,,,,,,,,,,,,,,,,,,,,,,,,,,,,,,,,,,,/muse/elements/blink,
2023/11/23 13:45,0,0.97779041,0.956431039,1.055496012,0,0.489486111,0.980041005,0.589870453,0,0.491665103,0.905810391,0.918766575,0,0.162550707,0.420681087,1.083555743,0,-0.280747219,0.0775894232,0.79059779,178.9010989,798.2051282,796.996337,773.6263736,753.4798535,0.25177,0.139893,0.956116,2.287903,-4.314117,-2.534637,1,2,1,1,2,90,,
2023/11/23 13:45,0,0.859357726,1.139318775,1.055496012,0,0.657552139,1.041366033,0.589870453,0,0.60624649,0.887023933,0.918766575,0,0.157859311,0.428479995,1.083555743,0,-0.348093641,-0.0586984539,0.79059779,203.0769231,801.025641,783.6996337,730.1098901,669.6703297,0.259033,0.135437,0.960815,2.938385,-4.09729,-2.31781,1,2,1,1,2,90,,
2023/11/23 13:45,,,,,,,,,,,,,,,,,,,,,,,,,,,,,,,,,,,,,,/muse/elements/blink,
2023/11/23 13:45,0,0.643829798,0.935229538,1.055496012,0,0.466485486,1.022955368,0.589870453,0,0.384450362,0.795976489,0.918766575,0,0.0827969724,0.422558932,1.083555743,0,-0.257970175,-0.186336065,0.79059779,31.02564103,796.5934066,797.3992674,778.8644689,725.2747253,0.249023,0.142029,0.963379,2.444916,-4.411316,-1.884155,1,2,1,1,2,90,,
2023/11/23 13:45,,,,,,,,,,,,,,,,,,,,,,,,,,,,,,,,,,,,,,/muse/elements/blink,
2023/11/23 13:45,0,0.847482096,1.13045744,1.055496012,0,0.592683725,1.062368934,0.589870453,0,0.57279045,0.73719461,0.918766575,0,0.129607179,0.252541485,1.083555743,0,-0.378761195,-0.242284848,0.79059779,185.7509158,808.6813187,802.6373626,779.6703297,730.1098901,0.252747,0.141052,0.962097,2.85614,-3.289795,-1.951447,1,2,1,1,2,90,,
2023/11/23 13:45,,,,,,,,,,,,,,,,,,,,,,,,,,,,,,,,,,,,,,/muse/elements/blink,
2023/11/23 13:45,0,1.129124538,1.199929436,1.055496012,0,0.801115413,0.973748785,0.589870453,0,0.668948685,0.713204533,0.918766575,0,0.128287322,0.166261024,1.083555743,0,-0.341973353,-0.148794508,0.79059779,167.2161172,804.6520147,791.3553114,754.6886447,776.8498168,0.255432,0.139771,0.959717,2.422485,-4.07486,-2.594452,1,2,1,1,2,90,,
2023/11/23 13:45,,,,,,,,,,,,,,,,,,,,,,,,,,,,,,,,,,,,,,/muse/elements/blink,
2023/11/23 13:45,0,1.000184139,1.199929436,1.055496012,0,0.813789701,0.973748785,0.589870453,0,0.707904056,0.713204533,0.918766575,0,0.176460783,0.166261024,1.083555743,0,-0.349391393,-0.148794508,0.79059779,1560.952381,782.4908425,803.8461538,771.6117216,707.1428571,0.250671,0.14032,0.961975,1.936493,-3.439331,-2.923431,1,2,1,1,2,85,,
2023/11/23 13:45,,,,,,,,,,,,,,,,,,,,,,,,,,,,,,,,,,,,,,/muse/elements/blink,
2023/11/23 13:45,0,0.95874708,1.041529112,1.055496012,0,0.865052196,0.748033849,0.589870453,0,0.724475938,0.505877438,0.918766575,0,0.244500641,0.286261858,1.083555743,0,-0.337175304,-0.127206717,0.79059779,202.2710623,803.4432234,790.5494505,737.7655678,674.9084249,0.255737,0.139343,0.94989,2.699127,-3.671112,-2.654266,1,2,1,1,2,85,,
2023/11/23 13:45,,,,,,,,,,,,,,,,,,,,,,,,,,,,,,,,,,,,,,/muse/elements/blink,
2023/11/23 13:45,0,0.907964796,0.625624898,1.055496012,0,0.292802808,0.385465607,0.589870453,0,0.241015335,0.733348425,0.918766575,0,0.081803707,0.48023607,1.083555743,0,-0.43194115,-0.0750027445,0.79059779,85.82417582,809.0842491,783.6996337,767.5824176,772.8205128,0.254089,0.140747,0.958801,2.938385,-3.902893,-1.555176,1,2,1,1,2,85,,
2023/11/23 13:45,,,,,,,,,,,,,,,,,,,,,,,,,,,,,,,,,,,,,,/muse/elements/blink,
2023/11/23 13:45,0,0.774642897,0.41425747,1.055496012,0,0.425512689,0.386233679,0.589870453,0,0.473993531,0.500976614,0.918766575,0,0.0579890629,0.487091965,1.083555743,0,-0.227431176,0.0158878617,0.79059779,180.1098901,800.6227106,803.8461538,742.1978022,871.5384615,0.257996,0.135742,0.951294,2.003784,-4.620667,-1.958923,1,2,1,1,2,85,,
2023/11/23 13:45,,,,,,,,,,,,,,,,,,,,,,,,,,,,,,,,,,,,,,/muse/elements/blink,
2023/11/23 13:45,0,0.968634735,0.459269404,1.055496012,0,0.592499804,0.411484984,0.589870453,0,0.605638832,0.434870457,0.918766575,0,0.135722474,0.492698876,1.083555743,0,-0.279457368,0.0197027451,0.79059779,202.6739927,798.6080586,803.040293,768.7912088,648.3150183,0.25647,0.137756,0.949829,2.557068,-3.267365,-2.13089,1,2,1,1,2,85,,
2023/11/23 13:45,0,1.113540888,0.6873299,1.055496012,0,0.474547215,0.135867708,0.589870453,0,0.633247949,0.507202441,0.918766575,0,0.197270303,0.534865987,1.083555743,0,-0.269160167,0.0920041547,0.79059779,47.54578755,809.8901099,781.2820513,750.2564103,691.025641,0.255859,0.134949,0.957764,2.138367,-4.09729,-2.64679,1,2,1,1,2,85,,
2023/11/23 13:45,,,,,,,,,,,,,,,,,,,,,,,,,,,,,,,,,,,,,,/muse/elements/blink,
2023/11/23 13:45,0,0.968763557,0.911492024,1.055496012,0,0.365414494,0.788348568,0.589870453,0,0.68771172,0.540399331,0.918766575,0,0.161714207,0.197883067,1.083555743,0,-0.220688588,0.0779746475,0.79059779,1525.091575,759.5238095,833.2600733,606.4102564,905.3846154,0.249573,0.13501,0.952515,2.15332,-4.044952,-2.071075,1,2,1,1,2,85,,
2023/11/23 13:45,,,,,,,,,,,,,,,,,,,,,,,,,,,,,,,,,,,,,,/muse/elements/blink,
2023/11/23 13:45,0,1.135259811,1.373575011,1.055496012,0,0.5772366,0.909350768,0.589870453,0,0.66238453,0.659854495,0.918766575,0,0.194235392,0.368845084,1.083555743,0,-0.228503535,-0.0448255327,0.79059779,202.2710623,804.2490842,799.010989,698.6813187,720.4395604,0.253784,0.133911,0.957886,2.287903,-3.790741,-1.59256,1,2,1,1,2,85,,
2023/11/23 13:45,,,,,,,,,,,,,,,,,,,,,,,,,,,,,,,,,,,,,,/muse/elements/blink,
2023/11/23 13:45,0,0.8271017,1.200410814,1.055496012,0,0.431641584,0.725205106,0.589870453,0,0.642475415,0.703301782,0.918766575,0,0.248714484,0.318985621,1.083555743,0,-0.165797504,-0.0609094456,0.79059779,857.032967,807.8754579,797.3992674,891.2820513,823.992674,0.25238,0.141174,0.963318,2.534637,-4.276733,-1.749573,1,2,1,1,2,85,,
2023/11/23 13:45,,,,,,,,,,,,,,,,,,,,,,,,,,,,,,,,,,,,,,/muse/elements/blink,
2023/11/23 13:45,0,0.392175943,1.244429641,1.055496012,0,0.424618291,0.771656807,0.589870453,0,0.73465178,0.943236925,0.918766575,0,0.0375906076,0.349390948,1.083555743,0,-0.275104434,-0.0463255028,0.79059779,1546.043956,791.7582418,793.3699634,757.5091575,889.2673993,0.256653,0.142334,0.96051,2.145844,-4.134674,-1.891632,1,2,1,1,2,85,,
2023/11/23 13:45,,,,,,,,,,,,,,,,,,,,,,,,,,,,,,,,,,,,,,/muse/elements/blink,
2023/11/23 13:45,,,,,,,,,,,,,,,,,,,,,,,,,,,,,,,,,,,,,,/muse/elements/blink,
2023/11/23 13:45,0,0.405336453,1.455899179,1.055496012,0,0.357598389,0.745892686,0.589870453,0,0.681518921,0.877584994,0.918766575,0,0.0874844814,0.409260342,1.083555743,0,-0.117525325,0.0451393664,0.79059779,195.018315,792.5641026,821.5750916,764.7619048,684.981685,0.255554,0.140625,0.960022,2.773895,-3.790741,-2.078552,1,2,1,1,2,90,,
2023/11/23 13:45,,,,,,,,,,,,,,,,,,,,,,,,,,,,,,,,,,,,,,/muse/elements/blink,
2023/11/23 13:45,0,0.375679214,1.425817546,1.055496012,0,0.461039015,0.673021001,0.589870453,0,0.451585329,0.813366359,0.918766575,0,0.0222245987,0.378315,1.083555743,0,0.0387194237,0.0654341891,0.79059779,190.1831502,795.3846154,803.4432234,747.4358974,706.3369963,0.251831,0.139771,0.960876,2.310333,-3.663635,-2.257996,1,2,1,1,2,90,,
2023/11/23 13:45,0,1.180678748,1.247097208,1.055496012,0,0.701356654,0.849889848,0.589870453,0,0.649433135,0.741116799,0.918766575,0,0.00556933938,0.454511368,1.083555743,0,-0.414930116,0.0544365947,0.79059779,65.67765568,801.4285714,804.2490842,671.2820513,852.1978022,0.249207,0.139099,0.963379,2.257996,-3.431854,-2.467346,1,2,1,1,2,90,,
2023/11/23 13:45,,,,,,,,,,,,,,,,,,,,,,,,,,,,,,,,,,,,,,/muse/elements/blink,
2023/11/23 13:45,,,,,,,,,,,,,,,,,,,,,,,,,,,,,,,,,,,,,,/muse/elements/blink,
2023/11/23 13:45,0,1.276247921,1.191518247,1.055496012,0,0.858264037,0.764985459,0.589870453,0,0.835411534,0.736133347,0.918766575,0,0.109594437,0.47233088,1.083555743,0,-0.38344008,-0.00360706665,0.79059779,1564.175824,806.6666667,794.5787546,745.4212454,722.0512821,0.259949,0.134216,0.957458,1.839294,-3.872986,-3.170166,1,2,1,1,2,90,,
2023/11/23 13:45,,,,,,,,,,,,,,,,,,,,,,,,,,,,,,,,,,,,,,/muse/elements/blink,
2023/11/23 13:45,0,1.660061126,1.252241121,1.055496012,0,1.16389757,0.8282959,0.589870453,0,0.771648515,0.736133347,0.918766575,0,0.204984697,0.490068761,1.083555743,0,-0.280456458,-0.0286805177,0.79059779,188.1684982,819.5604396,783.2967033,738.974359,681.3553114,0.251587,0.140198,0.955688,2.459869,-4.306641,-1.951447,1,2,1,1,2,90,,
2023/11/23 13:45,0,1.328934899,1.252241121,1.055496012,0,0.817228142,0.8282959,0.589870453,0,0.798816793,0.736133347,0.918766575,0,0.263943039,0.490068761,1.083555743,0,-0.15846649,-0.0286805177,0.79059779,203.4798535,794.981685,802.6373626,744.2124542,748.6446886,0.252441,0.13678,0.953918,1.996307,-3.573914,-2.220612,1,2,1,1,2,90,,
2023/11/23 13:45,0,0.361424175,0.767597686,0.876393385,0,0.422691574,0.251381666,0.620039913,0,0.361681671,0.327647239,1.143235813,0,0.195548908,0.240628729,0.995651812,0,-0.148974401,0.0259489869,0.724013691,62.85714286,807.8754579,799.4139194,736.1538462,746.6300366,0.248474,0.142517,0.962341,2.519684,-4.149628,-1.031799,1,2,1,1,1,90,,
2023/11/23 13:45,,,,,,,,,,,,,,,,,,,,,,,,,,,,,,,,,,,,,,/muse/elements/blink,
2023/11/23 13:45,0,0.71037654,0.896487627,0.962908205,0,0.792532402,0.394863251,0.603663355,0,0.550350665,0.469968211,0.956096669,0,0.128443341,0.17707973,0.991633936,0,-0.28847081,-0.0417143712,0.606532578,170.03663,799.4139194,799.4139194,744.6153846,653.1501832,0.251465,0.144836,0.962341,2.519684,-3.835602,-1.9664,1,2,1,1,1,90,,
2023/11/23 13:45,,,,,,,,,,,,,,,,,,,,,,,,,,,,,,,,,,,,,,/muse/elements/blink,
2023/11/23 13:45,0,0.827033589,0.375951607,0.991892587,0,0.486793456,-0.392424443,0.59447153,0,0.54319899,0.180772924,0.886132034,0,0.195672488,0.124766081,0.920302697,0,-0.376988308,-0.203160828,0.58118094,168.021978,810.6959707,796.5934066,734.5421245,705.9340659,0.250305,0.141541,0.960999,2.235565,-4.09729,-1.742096,1,2,1,1,1,90,,
2023/11/23 13:45,,,,,,,,,,,,,,,,,,,,,,,,,,,,,,,,,,,,,,/muse/elements/blink,
2023/11/23 13:45,0,1.043078536,1.109383063,0.991892587,0,0.574514558,0.755419338,0.59447153,0,0.692838714,0.731697167,0.886132034,0,0.29973672,0.172834181,0.920302697,0,-0.293249266,-0.111997838,0.58118094,1402.600733,811.9047619,811.0989011,779.6703297,691.025641,0.253906,0.138489,0.96051,3.04306,-3.985138,-2.355194,1,2,1,1,2,90,,
2023/11/23 13:45,0,1.012520101,1.227410028,0.991892587,0,0.608305192,0.849050268,0.59447153,0,0.622629239,0.73359204,0.886132034,0,0.191352937,0.280892825,0.920302697,0,-0.522938415,-0.151353244,0.58118094,1625.824176,807.8754579,797.3992674,722.4542125,826.007326,0.253235,0.13269,0.954651,1.824341,-3.843079,-2.13089,1,2,1,1,2,90,,
2023/11/23 13:45,0,0.678578002,0.687834723,0.991892587,0,0.36545364,0.0977101965,0.59447153,0,0.361810964,0.146410143,0.886132034,0,0.250445047,0.232900256,0.920302697,0,-0.315099107,-0.269945935,0.58118094,149.8901099,791.3553114,810.2930403,767.5824176,733.3333333,0.257385,0.145935,0.962219,2.243042,-4.149628,-1.667328,1,2,1,1,2,90,,
2023/11/23 13:45,0,0.591658966,0.610027174,0.991892587,0,0.243318409,0.0301142319,0.59447153,0,0.603220901,-0.0418775627,0.886132034,0,0.29792928,0.221307554,0.920302697,0,-0.312379875,-0.195591453,0.58118094,183.3333333,783.2967033,779.2673993,767.1794872,728.4981685,0.250366,0.138367,0.964905,2.579498,-3.626251,-2.519684,1,2,1,1,2,90,,
2023/11/23 13:45,,,,,,,,,,,,,,,,,,,,,,,,,,,,,,,,,,,,,,/muse/elements/blink,
2023/11/23 13:45,0,0.897210219,0.610027174,0.991892587,0,0.718205329,0.0301142319,0.59447153,0,0.762315654,-0.0418775627,0.886132034,0,0.191992785,0.221307554,0.920302697,0,-0.380377291,-0.195591453,0.58118094,1301.868132,794.981685,812.7106227,805.8608059,738.5714286,0.249512,0.134949,0.963318,2.302856,-4.231873,-1.899109,1,2,1,1,2,90,,
2023/11/23 13:45,,,,,,,,,,,,,,,,,,,,,,,,,,,,,,,,,,,,,,/muse/elements/blink,
2023/11/23 13:45,0,0.922357565,1.012969905,0.991892587,0,0.700995363,0.929363254,0.59447153,0,0.841626987,1.107810652,0.886132034,0,0.10015093,0.413941061,0.920302697,0,-0.37464723,-0.363811567,0.58118094,1463.846154,810.2930403,784.9084249,771.6117216,797.3992674,0.249451,0.137939,0.960999,2.213135,-3.753357,-1.697235,1,2,1,1,2,90,,
2023/11/23 13:45,0,1.338812177,1.136269136,0.991892587,0,1.224019438,1.087776079,0.59447153,0,1.109546085,1.095941233,0.886132034,0,0.119105952,0.502232566,0.920302697,0,-0.329723869,-0.297443078,0.58118094,774.029304,813.1135531,784.5054945,922.7106227,773.2234432,0.255005,0.13446,0.962219,2.601929,-3.715973,-2.407532,1,2,1,1,2,90,,
2023/11/23 13:45,,,,,,,,,,,,,,,,,,,,,,,,,,,,,,,,,,,,,,/muse/elements/blink,
2023/11/23 13:45,0,1.281540372,0.937289614,0.991892587,0,0.997575936,0.358092088,0.59447153,0,0.756978043,0.314414208,0.886132034,0,0.248598131,0.334679785,0.920302697,0,-0.224202514,-0.13722658,0.58118094,1022.637363,819.5604396,784.5054945,751.4652015,839.3040293,0.261414,0.132324,0.956055,2.788849,-3.753357,-1.719666,1,2,1,1,2,90,,
2023/11/23 13:45,,,,,,,,,,,,,,,,,,,,,,,,,,,,,,,,,,,,,,/muse/elements/blink,
2023/11/23 13:45,0,1.245149941,1.220250846,0.991892587,0,0.814757363,0.834509,0.59447153,0,0.719355289,1.089349166,0.886132034,0,0.296920973,0.308690271,0.920302697,0,-0.281656559,0.00114896135,0.58118094,1199.52381,790.1465201,792.967033,769.1941392,783.2967033,0.253235,0.130798,0.963501,2.392578,-4.187012,-1.637421,1,2,1,1,2,90,,
2023/11/23 13:45,0,1.191763272,1.400581308,0.991892587,0,0.723915688,1.033487921,0.59447153,0,0.624093951,0.941498897,0.886132034,0,0.283076812,0.333574915,0.920302697,0,-0.359956985,-0.335524353,0.58118094,31.02564103,799.4139194,802.6373626,872.3443223,805.0549451,0.260986,0.131042,0.960266,1.906586,-3.775787,-2.624359,1,2,1,1,2,90,,
2023/11/23 13:45,,,,,,,,,,,,,,,,,,,,,,,,,,,,,,,,,,,,,,/muse/elements/blink,
2023/11/23 13:45,,,,,,,,,,,,,,,,,,,,,,,,,,,,,,,,,,,,,,/muse/elements/blink,
2023/11/23 13:45,0,0.614322974,1.500258932,0.991892587,0,0.264563157,0.987453857,0.59447153,0,0.571862871,0.974453249,0.886132034,0,0.0995390402,0.638383947,0.920302697,0,-0.299944837,0.135287811,0.58118094,152.7106227,788.9377289,798.2051282,833.6630037,819.1575092,0.255127,0.137146,0.959778,2.743988,-3.641205,-1.420593,1,2,1,1,2,90,,
2023/11/23 13:45,,,,,,,,,,,,,,,,,,,,,,,,,,,,,,,,,,,,,,/muse/elements/blink,
2023/11/23 13:45,0,1.007101214,1.388902356,0.991892587,0,0.755186313,0.887585359,0.59447153,0,0.759337625,0.831479479,0.886132034,0,0.026680182,0.493669227,0.920302697,0,-0.233068554,0.0639694041,0.58118094,396.8864469,780.8791209,834.4688645,678.5347985,697.8754579,0.287964,0.124573,0.952454,2.788849,-5.682373,-2.781372,1,2,1,1,2,90,,
2023/11/23 13:45,,,,,,,,,,,,,,,,,,,,,,,,,,,,,,,,,,,,,,/muse/elements/blink,
2023/11/23 13:45,,,,,,,,,,,,,,,,,,,,,,,,,,,,,,,,,,,,,,/muse/elements/blink,
2023/11/23 13:45,0,1.397900838,1.388902356,0.991892587,0,1.088525292,0.887585359,0.59447153,0,0.767729185,0.831479479,0.886132034,0,0.121163499,0.493669227,0.920302697,0,-0.177117168,0.0639694041,0.58118094,100.3296703,806.6666667,790.1465201,877.1794872,745.018315,0.290527,0.131775,0.950623,2.572021,-3.693542,-1.996307,1,2,1,1,2,95,,
2023/11/23 13:45,,,,,,,,,,,,,,,,,,,,,,,,,,,,,,,,,,,,,,/muse/elements/blink,
2023/11/23 13:45,0,1.208388764,1.388902356,0.991892587,0,0.465193866,0.887585359,0.59447153,0,0.490865888,0.831479479,0.886132034,0,0.239920879,0.493669227,0.920302697,0,-0.0253215742,0.0639694041,0.58118094,43.51648352,795.3846154,786.5201465,863.0769231,949.7069597,0.284729,0.133423,0.953186,2.579498,-3.656158,-1.143951,1,2,1,1,2,95,,
2023/11/23 13:45,,,,,,,,,,,,,,,,,,,,,,,,,,,,,,,,,,,,,,/muse/elements/blink,
2023/11/23 13:45,0,1.139266869,1.388902356,0.991892587,0,0.672121629,0.887585359,0.59447153,0,0.795875441,0.831479479,0.886132034,0,0.360472036,0.493669227,0.920302697,0,-0.128951186,0.0639694041,0.58118094,0,806.2637363,809.8901099,877.5824176,790.5494505,0.2854,0.12738,0.949768,2.056122,-3.439331,-2.729034,1,2,1,1,2,95,,
2023/11/23 13:45,0,1.00721716,0.765841753,0.991892587,0,0.514522183,0.316977443,0.59447153,0,0.772683386,0.649653018,0.886132034,0,0.299853778,0.0853070221,0.920302697,0,-0.216618026,-0.130133647,0.58118094,67.69230769,817.5457875,778.8644689,942.8571429,817.1428571,0.285217,0.131287,0.955566,3.065491,-3.424377,-1.480408,1,2,1,1,2,95,,
2023/11/23 13:45,,,,,,,,,,,,,,,,,,,,,,,,,,,,,,,,,,,,,,/muse/elements/blink,
2023/11/23 13:45,0,0.870446555,0.80569966,0.991892587,0,0.302898999,0.327648353,0.59447153,0,0.716768653,0.668972516,0.886132034,0,0.124472443,0.328900259,0.920302697,0,-0.185547803,-0.104309056,0.58118094,124.1025641,805.0549451,804.6520147,907.3992674,806.2637363,0.280701,0.13324,0.95343,1.330872,-3.917847,-2.362671,1,2,1,1,2,95,,
2023/11/23 13:45,,,,,,,,,,,,,,,,,,,,,,,,,,,,,,,,,,,,,,/muse/elements/blink,
2023/11/23 13:45,0,0.986490446,0.939754522,0.991892587,0,0.506681511,0.638350111,0.59447153,0,0.71311697,0.749558266,0.886132034,0,0.178686998,0.296275226,0.920302697,0,-0.188282906,0.0206119272,0.58118094,176.8864469,807.4725275,794.1758242,732.1245421,758.3150183,0.278442,0.134216,0.958862,2.115936,-3.342133,-1.547699,1,2,1,1,2,95,,
2023/11/23 13:45,,,,,,,,,,,,,,,,,,,,,,,,,,,,,,,,,,,,,,/muse/elements/blink,
2023/11/23 13:45,0,0.982834029,1.143852783,0.991892587,0,0.531759309,0.637069009,0.59447153,0,0.813020635,0.622541378,0.886132034,0,0.217978971,0.256714166,0.920302697,0,-0.200497506,-0.169739182,0.58118094,182.9304029,803.040293,804.6520147,754.2857143,846.959707,0.280273,0.135437,0.95105,2.848663,-4.179535,-1.233673,1,2,1,1,2,95,,
2023/11/23 13:45,,,,,,,,,,,,,,,,,,,,,,,,,,,,,,,,,,,,,,/muse/elements/blink,
2023/11/23 13:45,0,1.141623678,1.025401081,0.991892587,0,0.669306704,0.58653419,0.59447153,0,0.804686051,0.369458344,0.886132034,0,0.173065833,0.314111143,0.920302697,0,-0.373363444,-0.212523906,0.58118094,1383.663004,797.8021978,801.025641,759.9267399,666.8498168,0.272705,0.130798,0.952026,2.743988,-3.693542,-1.009369,1,2,1,1,2,95,,
2023/11/23 13:45,,,,,,,,,,,,,,,,,,,,,,,,,,,,,,,,,,,,,,/muse/elements/blink,
2023/11/23 13:45,0,1.18797552,1.025401081,0.991892587,0,0.744967196,0.58653419,0.59447153,0,0.804686051,0.369458344,0.886132034,0,0.168205498,0.314111143,0.920302697,0,-0.36246952,-0.212523906,0.58118094,1564.981685,795.7875458,795.7875458,739.3772894,870.3296703,0.273987,0.127991,0.9552,2.542114,-3.686066,-2.564545,1,2,1,1,2,95,,
2023/11/23 13:45,0,1.18797552,1.025401081,0.991892587,0,0.744967196,0.58653419,0.59447153,0,0.804686051,0.369458344,0.886132034,0,0.168205498,0.314111143,0.920302697,0,-0.36246952,-0.212523906,0.58118094,0,790.5494505,810.2930403,927.1428571,767.5824176,0.301514,0.106628,0.964111,-6.220703,-4.179535,-2.527161,1,2,1,1,2,95,,
2023/11/23 13:45,,,,,,,,,,,,,,,,,,,,,,,,,,,,,,,,,,,,,,/muse/elements/blink,
2023/11/23 13:45,0,1.079887167,1.025401081,0.991892587,0,0.756539329,0.58653419,0.59447153,0,0.565305812,0.369458344,0.886132034,0,0.0760469227,0.314111143,0.920302697,0,-0.183107484,-0.212523906,0.58118094,1592.783883,866.7032967,1623.406593,1623.406593,1004.908425,0.248413,0.071594,0.954895,-2.108459,-9.27124,1.861725,1,4,1,1,2,80,,
2023/11/23 13:45,,,,,,,,,,,,,,,,,,,,,,,,,,,,,,,,,,,,,,/muse/elements/blink,
2023/11/23 13:45,,,,,,,,,,,,,,,,,,,,,,,,,,,,,,,,,,,,,,/muse/elements/blink,
2023/11/23 13:45,0,1.079887167,1.025401081,0.991892587,0,0.756539329,0.58653419,0.59447153,0,0.565305812,0.369458344,0.886132034,0,0.0760469227,0.314111143,0.920302697,0,-0.183107484,-0.212523906,0.58118094,1247.069597,794.1758242,1042.380952,1021.428571,747.032967,0.210938,0.091003,0.959351,5.144043,-4.179535,5.884247,1,4,2,2,2,80,,
2023/11/23 13:45,,,,,,,,,,,,,,,,,,,,,,,,,,,,,,,,,,,,,,/muse/elements/blink,
2023/11/23 13:45,,,,,,,,,,,,,,,,,,,,,,,,,,,,,,,,,,,,,,/muse/elements/blink,
